"Search query","Impressions","Clicks","CTR","Avg. position"
"kidslink bedok","6,100","559","9.2%","2.5"
"kidslink","5,403","533","9.9%","2.6"
"kidslink childrens clinic","4,239","400","9.4%","1.4"
"kidslink sengkang","2,359","163","6.9%","1"
"kidslink jurong","2,354","152","6.5%","1"
"kidslink choa chu kang","1,266","106","8.4%","1"
"kids link","989","87","8.8%","1.7"
"kidslink cck","1,100","79","7.2%","1"
"lim woan huah","303","77","25.4%","1.8"
"kids link sengkang","797","71","8.9%","1"
"kidslink childrens clinic (jurong) pte ltd","881","66","7.5%","1"
"kidslink clinic","782","60","7.7%","1.5"
"kidlink","462","59","12.8%","1.1"
"dr lim woan huah","389","50","12.9%","2"
"kidslink childrens clinic jurong","790","46","5.8%","1"
"kidzlink","434","45","10.4%","1.8"
"kids clinic bedok","1,360","44","3.2%","2.8"
"kidslink compass one","597","44","7.4%","1"
"kidslink jurong east","594","43","7.2%","1"
"kidslink childrens clinic singapore","400","40","10%","1.2"
"kids link jurong","480","36","7.5%","1"
"dr vanessa tan","765","36","4.7%","5.9"
"kidslink clinic sengkang","582","31","5.3%","1"
"kidslink childrens clinic cck","632","31","4.9%","1"
"pediatrician choa chu kang","357","31","8.7%","1.8"
"kids clinic","2,772","30","1.1%","21.6"
"kidslink lot 1","170","30","17.6%","1"
"kids link clinic","331","29","8.8%","3"
"kidslink childrens clinic reviews","1,091","28","2.6%","2.6"
"kids clinic near me","2,230","25","1.1%","9.3"
"kidslink childrens clinic pte ltd","194","25","12.9%","1"
"kidslink compassvale","428","25","5.8%","1"
"kidslink clinic cck","269","24","8.9%","1"
"bedok kidslink","239","24","10%","2.4"
"kidslink children clinic","145","23","15.9%","1.6"
"kids clinic sengkang","5,375","23","0.4%","7.8"
"bedok kids clinic","341","21","6.2%","2.6"
"kids clinic jurong","377","21","5.6%","1.1"
"pediatrician bedok","333","20","6%","2.1"
"kids link bedok","168","20","11.9%","2.4"
"children clinic","2,069","20","1%","8.5"
"kidslink jurong west","352","19","5.4%","1"
"kidslink childrens clinic (jurong) pte ltd reviews","529","19","3.6%","2.1"
"pediatrician sengkang","802","18","2.2%","5.8"
"dr winston ng","209","18","8.6%","6.3"
"sengkang pd","238","17","7.1%","4.5"
"kidslink childrens clinic photos","308","17","5.5%","2.2"
"children clinic near me","2,019","17","0.8%","9.7"
"kids clinic bedok north","294","17","5.8%","2.5"
"children clinic choa chu kang","154","17","11%","1.6"
"kidslink cck opening hours","97","16","16.5%","1.8"
"kidslink childrens clinic jurong east","160","16","10%","1"
"baby clinic near me","2,396","16","0.7%","9.6"
"paediatric clinic","1,462","15","1%","13.9"
"kidslink childrens clinic bedok","122","15","12.3%","2.2"
"paediatric clinic sengkang","315","14","4.4%","3.8"
"pediatrician near me","865","14","1.6%","22.6"
"pd sengkang","272","14","5.1%","4.4"
"pd near me","1,302","14","1.1%","8.4"
"kids link jurong east","162","14","8.6%","1"
"pediatrician jurong east","260","13","5%","3.1"
"paediatric clinic jurong","187","12","6.4%","2"
"kidslink jurong reviews","62","12","19.4%","1.3"
"childrens clinic","1,000","12","1.2%","5.7"
"kids clinic jurong east","96","11","11.5%","1.4"
"kidslink choa chu kang opening hours","35","10","28.6%","1.7"
"pediatric clinic singapore","1,175","10","0.9%","9.8"
"children clinic singapore","1,837","10","0.5%","10.4"
"kidslink childrens clinic singapore reviews","753","9","1.2%","2.5"
"paediatric clinic bedok","182","9","4.9%","2.3"
"paediatric clinic near me","764","9","1.2%","12.7"
"kid link","37","8","21.6%","1.5"
"baby and child clinic near me","607","8","1.3%","10"
"kidslink clinic bedok","121","8","6.6%","2.7"
"kidslink tampines","76","7","9.2%","2"
"children clinic sengkang","246","7","2.8%","3.5"
"dr heng joo teck","41","7","17.1%","1"
"sengkang paediatrician","246","7","2.8%","5.1"
"pediatrician singapore near me","1,031","7","0.7%","12.8"
"kidslink dr heng","139","7","5%","1"
"sengkang kids clinic","1,181","6","0.5%","8.3"
"children clinic bedok","90","6","6.7%","2"
"pediatrician","756","6","0.8%","17.4"
"kidslink compass","84","6","7.1%","1"
"pediatrician singapore","1,367","6","0.4%","26.1"
"pediatric clinic","981","5","0.5%","11.8"
"kids clinic singapore","546","5","0.9%","8.2"
"kidslink clinic choa chu kang","81","5","6.2%","1"
"child clinic near me","846","5","0.6%","9.6"
"pd clinic near me","345","5","1.4%","9.9"
"24-hour pediatric clinic near sengkang","208","5","2.4%","10.2"
"pediatric clinic near me","802","5","0.6%","9.8"
"baby clinic sengkang","368","5","1.4%","5.3"
"baby clinic","662","4","0.6%","24.1"
"childrens clinic near me","662","4","0.6%","8.7"
"kidslink clinic jurong east","87","4","4.6%","1"
"sengkang pediatrician","311","4","1.3%","5.3"
"paediatrics near me","32","3","9.4%","14.4"
"bedok pediatrician","34","3","8.8%","2.4"
"kidslink childrens clinic singapore photos","50","3","6%","2"
"paediatric clinic (jurong)","76","3","3.9%","1.8"
"kids clinic @ sengkang","984","3","0.3%","9.4"
"paediatrician sengkang","125","3","2.4%","4.8"
"pd open on sunday","132","3","2.3%","10.8"
"pedia clinic near me","136","3","2.2%","8.4"
"kidslink chinese garden","56","3","5.4%","1"
"paediatric clinic singapore","728","3","0.4%","23.2"
"clinic for children near me","104","3","2.9%","9.5"
"pediatric clinic west","15","2","13.3%","6"
"paeds clinic near me","207","2","1%","9.4"
"children pediatrician near me","37","2","5.4%","11.9"
"paediatrician near me","267","2","0.7%","20.3"
"pediatrician clinic near me","266","2","0.8%","9.7"
"kidzlink clinic","8","2","25%","1"
"paediatric clinic (jurong west)","130","2","1.5%","6.7"
"pediatric clinic open now","10","2","20%","9.6"
"kids clinic punggol","540","2","0.4%","20.6"
"pediatric west","12","2","16.7%","6.4"
"kidslink childrens clinic choa chu kang","23","2","8.7%","1"
"kids doctor near me","234","2","0.9%","9.4"
"clinic for kids near me","356","2","0.6%","9"
"children clinic bukit batok","87","2","2.3%","10.7"
"baby doctor near me","178","2","1.1%","10.6"
"child clinic singapore","633","2","0.3%","11.6"
"kids clinic open now","69","2","2.9%","9.8"
"paediatric clinic singapore near me","31","2","6.5%","7.2"
"baby clinic singapore","664","2","0.3%","14.3"
"pediatrician east","31","2","6.5%","9.7"
"kidsclinic","115","2","1.7%","11.5"
"kid clinic","325","2","0.6%","8.1"
"kidslink childrens clinic sengkang","44","2","4.5%","1"
"kidslink punggol","25","2","8%","1.3"
"children pd","37","2","5.4%","7.8"
"kid doctor near me","25","2","8%","8.8"
"nearby pediatrician doctor","4","2","50%","7.3"
"baby doctor pediatrician","11","2","18.2%","9.5"
"clinic for kids","323","2","0.6%","15.5"
"xray for children","1","1","100%","4"
"west pediatric clinic","6","1","16.7%","6.8"
"kids clinic nearby","70","1","1.4%","6.9"
"bukit batok baby clinic","22","1","4.5%","16.2"
"childs clinic","13","1","7.7%","5.5"
"i-kidz childrens clinic","27","1","3.7%","18.4"
"kids clinic open on sunday","44","1","2.3%","11.9"
"sengkang clinic","745","1","0.1%","58.5"
"kidz clinic","115","1","0.9%","11.1"
"pd singapore","174","1","0.6%","14.4"
"baby clinic bedok","35","1","2.9%","1.9"
"kid doctors near me","11","1","9.1%","10.5"
"pd doctor","20","1","5%","18.8"
"sengkang kidslink clinic","66","1","1.5%","1"
"paediatrician","393","1","0.3%","15.7"
"paediatric clinic punggol","45","1","2.2%","17.2"
"paediatrics clinic","13","1","7.7%","19.8"
"sengkang baby clinic","9","1","11.1%","4.1"
"paediatric respiratory specialist singapore","6","1","16.7%","32.8"
"pd open now","47","1","2.1%","10.7"
"clinic for babies","25","1","4%","10.1"
"paediatrician open today","2","1","50%","12.5"
"annes baby and child clinic","2","1","50%","1"
"kidz clinic sengkang","210","1","0.5%","7.5"
"circumcision clinic for baby girl","3","1","33.3%","9.3"
"nearest children clinic","43","1","2.3%","8.1"
"kidslink childrens clinic compassvale","38","1","2.6%","1"
"child clinic near me open now","76","1","1.3%","12.6"
"pedia near me","25","1","4%","24.5"
"24-hour baby clinic singapore","2","1","50%","37"
"pediatric singapore","35","1","2.9%","18.6"
"paediatric clinic sunday","7","1","14.3%","10.1"
"infant vaccination near me","1","1","100%","3"
"childrens clinic singapore","13","1","7.7%","5.2"
"clinics for kids near me","16","1","6.3%","9.6"
"clinic near me for kids","56","1","1.8%","9.8"
"peds clinic","39","1","2.6%","8.4"
"pediatric","238","1","0.4%","14.3"
"nearest kids clinic","20","1","5%","8.8"
"kids pd","87","1","1.1%","7.9"
"pd clinic","125","1","0.8%","10.3"
"children doctor near me","214","1","0.5%","9.7"
"childrens clinic east","15","1","6.7%","13.3"
"pediatric clinic in singapore","53","1","1.9%","10"
"paediatrician clinic near me","10","1","10%","8.2"
"pediatric clinics near me","14","1","7.1%","8.6"
"near by pediatrician","3","1","33.3%","3.3"
"compass one pd","168","1","0.6%","10.3"
"pediatric doctor","19","1","5.3%","39.2"
"female pediatrician","1","1","100%","1"
"kids clinic choa chu kang","8","1","12.5%","1.3"
"kid clinic sengkang","421","1","0.2%","7.7"
"63697922","2","1","50%","18.5"
"health screening for kids","1","1","100%","5"
"pediatrician open on sunday","105","1","1%","11.6"
"baby doctor","172","1","0.6%","39.6"
"children clinic jurong west","51","1","2%","5.3"
"clinic compass one","30","1","3.3%","27.6"
"paediatric clinic @ punggol","14","1","7.1%","9.3"
"pediatrician clinic","62","1","1.6%","10.8"
"tampines paediatric clinic opening hours","1","1","100%","11"
"kids clinic tampines","89","1","1.1%","30.9"
"pediatrician jurong","31","1","3.2%","2.9"
"pediatrician open now","63","1","1.6%","10.4"
"kids clinic at sengkang","185","1","0.5%","7.6"
"compass one pediatrician","57","1","1.8%","8.7"
"clinics for children","9","1","11.1%","8.6"
"pediatrician weekend","6","1","16.7%","10"
"paediatric","563","1","0.2%","17.3"
"olive tree baby & kids clinic","1","1","100%","1"
"baby and child clinic","598","1","0.2%","23"
"children specialist near me","42","1","2.4%","10.1"
"cigna pediatricians near me","1","1","100%","1"
"paedatrician near me","1","1","100%","1"
"kids dentist near me","3","1","33.3%","10"
"bedok pd","6","1","16.7%","1.8"
"children walk-in clinic near me","9","1","11.1%","11.7"
"kids clinic compassvale","33","1","3%","3.1"
"paediatric clinic @ sengkang","26","1","3.8%","3.2"
"pediatrician open sunday near me","2","1","50%","12.5"
"540237","224","1","0.4%","8.5"
"kids links","6","1","16.7%","1.5"
"paediatrician singapore","584","1","0.2%","47.8"
"sengkang child clinic","19","1","5.3%","3.3"
"baby doctor singapore","45","1","2.2%","16.2"
"paediatrician bedok","24","1","4.2%","2"
"24-hour pediatric clinic singapore","17","1","5.9%","23.5"
"clinic for infants near me","29","1","3.4%","9.4"
"paed dr","9","1","11.1%","9.2"
"paediatric near me","17","1","5.9%","10.5"
"paediatrician open on saturday","8","1","12.5%","15.4"
"kids pediatrician near me","68","1","1.5%","8.9"
"nearby pediatric clinic","88","1","1.1%","9.2"
"toddler clinic near me","111","1","0.9%","9.3"
"小儿科诊所near me","1","0","0%","2"
"clinic near me within 400m","2","0","0%","7.5"
"children clinic near me open now","11","0","0%","9.7"
"pd open on sunday singapore","1","0","0%","14"
"hfmd symptoms","1","0","0%","9"
"best pediatrician near me","5","0","0%","59.4"
"clinic jurong","12","0","0%","82.5"
"pd bukit batok","42","0","0%","15.6"
"specialist pediatrician near me","1","0","0%","28"
"kids clinic @ sengkang photos","3","0","0%","9.7"
"小儿科 near me","1","0","0%","1"
"pd in singapore","5","0","0%","9"
"nearby children clinic","19","0","0%","10.1"
"saturday pediatric clinic near me","1","0","0%","10"
"clinic in jurong east","37","0","0%","63.9"
"kidz link","15","0","0%","1.3"
"vgk kids link","1","0","0%","1"
"vaccination clinic","1","0","0%","1"
"paediatric doctors","1","0","0%","52"
"sg 136","1","0","0%","76"
"jurong centre clinic pte ltd","1","0","0%","16"
"dr chan paediatrician","1","0","0%","1"
"kidz clinic toa payoh","3","0","0%","31.7"
"kids first clinic","2","0","0%","97.5"
"kidz health","65","0","0%","14.7"
"kids dentist sengkang","4","0","0%","7.5"
"kang an clinic","34","0","0%","62.6"
"choa chu kang clinic","332","0","0%","51.4"
"kids clinic sengkang dr chua","109","0","0%","12.8"
"child walk in clinic near me","1","0","0%","11"
"dr. muhannad childrens clinic","1","0","0%","8"
"paediatric clinic @ tampines","2","0","0%","23"
"klinik children near me","2","0","0%","7.5"
"bedok clinic near me","7","0","0%","73"
"vanessa joo","2","0","0%","15.5"
"pediatric developmental specialist near me","2","0","0%","81.5"
"kidz klinik opening hours","11","0","0%","23.9"
"children dental clinic near me","2","0","0%","7"
"children clinics near me","18","0","0%","10.7"
"pediatricians doctor near me","2","0","0%","14.5"
"pediatric near me","63","0","0%","8.1"
"pediatric children clinic","8","0","0%","12.4"
"nearest pediatric clinic near me","5","0","0%","10"
"kids clinic @ sengkang reviews","51","0","0%","8"
"compass one clinic","85","0","0%","52"
"after hour pediatric clinic","1","0","0%","100"
"kids clinic toa payoh","17","0","0%","48.4"
"childerns","1","0","0%","12"
"pedriatic clinic","1","0","0%","12"
"paediatrics singapore","60","0","0%","56.2"
"paragon kinder clinic","1","0","0%","50"
"baby doctor pediatrician near me","1","0","0%","10"
"clinic at bedok south","19","0","0%","81.5"
"dr chua clinic bukit batok","1","0","0%","66"
"childrem","1","0","0%","2"
"pediactrician","2","0","0%","3.5"
"paedaetric","2","0","0%","4"
"clinic near jurong east","29","0","0%","56.1"
"gp for babies","1","0","0%","20"
"raffles childrens centre tampines","5","0","0%","56.6"
"tampines pd clinic","1","0","0%","30"
"novena children clinic","4","0","0%","62.3"
"jurong west st 91 clinic","5","0","0%","67.8"
"kidz clinic compass one","9","0","0%","15.1"
"on call pediatrician near me","1","0","0%","39"
"teck whye clinic","7","0","0%","61.4"
"nearby kids clinic","35","0","0%","8.5"
"the kidz klinik photos","1","0","0%","44"
"paediatric and family clinic","3","0","0%","44.3"
"kids walk in clinic","2","0","0%","8"
"kinder clinic reviews","7","0","0%","28.6"
"medical clinic pediatrics","1","0","0%","16"
"pediatrician near me for babies","1","0","0%","10"
"clinica med kids","5","0","0%","5.6"
"clinic near lot one","1","0","0%","29"
"kids specialist near me","63","0","0%","9.8"
"general pediatrician near me","12","0","0%","10.8"
"kids skin specialist near me","1","0","0%","3"
"bukit batok kids clinic","76","0","0%","10.8"
"bedok clinic 24 hours","28","0","0%","74.3"
"pediatrician close to me","1","0","0%","30"
"baby clinic nearby","20","0","0%","10.3"
"baby clinic near me open now","29","0","0%","9.7"
"kids doctor nearby","3","0","0%","9.7"
"kidshealth paediatric clinic","30","0","0%","62.4"
"clinic near me pediatric","4","0","0%","11.5"
"kang clinic","2","0","0%","58.5"
"68860776","16","0","0%","8"
"baby and child clinic singapore","14","0","0%","12.3"
"baby clinic open on sunday","23","0","0%","13.2"
"clinic in compass one","34","0","0%","51.4"
"child doctor","167","0","0%","37.1"
"doctor for children near me","1","0","0%","10"
"walk in paediatrician near me","3","0","0%","10.7"
"peds clinic near me","14","0","0%","7.9"
"near me pediatrician doctor","4","0","0%","28"
"best pediatrician doctor near me","3","0","0%","45"
"cheap pediatrician near me","3","0","0%","1.3"
"near children clinic","14","0","0%","7.9"
"paedetrician","6","0","0%","1.3"
"tampines pediatric clinic","12","0","0%","22.9"
"children doctors near me","12","0","0%","9.4"
"paediatric gastroenterologist singapore","162","0","0%","83.2"
"rumah makan minang pte ltd - kandahar street","1","0","0%","2"
"jurong clinic 24 hours","2","0","0%","90"
"blk 237","16","0","0%","65.7"
"kids clinic @ punggol","55","0","0%","20.2"
"i-kidz childrens clinic reviews","16","0","0%","12.6"
"pediatrics","57","0","0%","4.2"
"the baby and child clinic reviews","8","0","0%","38.8"
"pediatrician near me walk-in","1","0","0%","8"
"lakeside clinic","1","0","0%","42"
"kids health","50","0","0%","15.9"
"childrens doctor pediatrician","13","0","0%","45.2"
"find a pediatrician","1","0","0%","1"
"paediatricians near me","12","0","0%","19.3"
"gastroenterologist for children near me","1","0","0%","9"
"bedok south clinic opening hours","1","0","0%","49"
"pediatrician walk in clinic near me","1","0","0%","1"
"one north clinic","3","0","0%","97"
"pd clinic singapore","13","0","0%","11.5"
"paediatric clinic 24 hours","3","0","0%","29.7"
"sengkang to jurong east","26","0","0%","67.5"
"childrens doctor near me","40","0","0%","9.8"
"chinese pediatrician near me","10","0","0%","9.9"
"toa payoh kids clinic","5","0","0%","46.6"
"baby nursery bedok","60","0","0%","52.1"
"near me child clinic","6","0","0%","8.5"
"childrens doctor open on sunday","5","0","0%","10.8"
"vaccination centre bedok","1","0","0%","52"
"buangkok clinic","10","0","0%","76.6"
"children clinic jurong east","20","0","0%","1.5"
"child specialist clinic near me","11","0","0%","4.5"
"小儿科诊所","5","0","0%","2"
"singapore child specialist","162","0","0%","18.3"
"children","1","0","0%","12"
"kid walk in clinic near me","1","0","0%","10"
"kids clinic waterway point","6","0","0%","7"
"pediatric clinic nearby","27","0","0%","9.5"
"kids cli","14","0","0%","4.1"
"baby health centre","1","0","0%","66"
"baby clinic tampines","27","0","0%","42.2"
"clinic for babies near me","29","0","0%","9.3"
"clinic at bedok north street 3","3","0","0%","83.3"
"kids dentist","2","0","0%","20.5"
"walk in clinic close to me","1","0","0%","88"
"children dentist singapore","3","0","0%","20.3"
"24 hour pediatric urgent care near me","1","0","0%","54"
"63884466","70","0","0%","1.3"
"kids clinic tampines reviews","10","0","0%","20.9"
"autism pediatrician near me","1","0","0%","1"
"greenlink medical clinic","9","0","0%","95.2"
"blk 309 choa chu kang ave 4","14","0","0%","57.2"
"pediatrician doctor near me","9","0","0%","7.7"
"pediatricians dr near me","1","0","0%","20"
"punggol clinic near me","2","0","0%","82.5"
"kid clinic compass one","50","0","0%","14.2"
"pediatric tampines","89","0","0%","11.6"
"infant doctor","2","0","0%","3.5"
"pediatrician near me within 1 mi","1","0","0%","2"
"limbang shopping centre clinic","1","0","0%","35"
"cherry clinic","29","0","0%","14.5"
"kinder care clinic","1","0","0%","2"
"link dr","2","0","0%","7.5"
"jurong west clinic open now","33","0","0%","74.4"
"kids nursery bedok","49","0","0%","82.5"
"north pediatrician","1","0","0%","8"
"clinic at jurong west","8","0","0%","91.3"
"tampines baby clinic","14","0","0%","36.4"
"paediatric clinic tampines","72","0","0%","29.1"
"night clinic pediatric near me","1","0","0%","18"
"good pediatric doctors near me","2","0","0%","45"
"pediatric respiratory specialist singapore","8","0","0%","29.9"
"clinic bedok","51","0","0%","45.6"
"paediatric walk in clinic","1","0","0%","7"
"newborn baby clinic near me","1","0","0%","3"
"pediatrician near me open on sunday","3","0","0%","16.7"
"babys clinic","1","0","0%","5"
"dr vanessa lim","2","0","0%","15"
"doctor baby","1","0","0%","1"
"walk in vaccination centre singapore","10","0","0%","71.2"
"kinder doctor near me","2","0","0%","11.5"
"childrens paediatrician","4","0","0%","28.8"
"kids clinic at tampines","11","0","0%","22.1"
"child specialist near me","58","0","0%","10.7"
"24 hour pediatrician near me","1","0","0%","35"
"klinik ng yew teck photos","6","0","0%","13.3"
"clinic child specialist near me","2","0","0%","12.5"
"sbcc baby & child clinic (bukit panjang)","4","0","0%","1"
"pediatrician that accepts medical","2","0","0%","9.5"
"general pediatric clinic","3","0","0%","11"
"pediatrician near me indian","1","0","0%","4"
"specialized pediatrician","1","0","0%","7"
"child counselling singapore","2","0","0%","149.5"
"peds doctor","2","0","0%","3"
"kids clinic bishan reviews","2","0","0%","25.5"
"nearest clinic near me","3","0","0%","55.7"
"clinic at bedok","37","0","0%","56.6"
"pediatrician for kids near me","3","0","0%","10.7"
"kids clinic of paris","2","0","0%","99"
"cherry clinic midtown","7","0","0%","13"
"doctor for babies near me","1","0","0%","11"
"cck clinic","83","0","0%","24.2"
"children clinics","12","0","0%","8"
"tampines st 21 clinic","1","0","0%","90"
"babies and children clinic","6","0","0%","6.8"
"doctor","1","0","0%","23"
"kids hospital singapore","2","0","0%","25"
"237 choa chu kang central","1","0","0%","63"
"doctor near me for kids","4","0","0%","8"
"medical clinic for kids near me","1","0","0%","10"
"the paediatric clinic","1","0","0%","31"
"near by baby clinic","5","0","0%","8.6"
"pediatricina","1","0","0%","2"
"kids clinic sengkang grand mall","22","0","0%","23.3"
"pediatric urgent care near me","1","0","0%","101"
"pd near me open now","21","0","0%","6.2"
"clinic near sengkang","20","0","0%","65.1"
"ikidz clinic","2","0","0%","64.5"
"kids clinic bishan","28","0","0%","65.9"
"childrens clinic west","3","0","0%","3.7"
"kids clinic near by","10","0","0%","9.3"
"tampines baby and child clinic","11","0","0%","24.5"
"indian pediatrician near me","1","0","0%","9"
"singapore pediatrician","30","0","0%","38.2"
"baby and child bukit batok","3","0","0%","35.7"
"pediatric medicine near me","8","0","0%","7.5"
"kids clinic novena","11","0","0%","72"
"pediatras near me","1","0","0%","5"
"clinic child","4","0","0%","16.5"
"baby clinics near me","10","0","0%","8.8"
"children specialist doctor near me","6","0","0%","11.7"
"child doctors near me","2","0","0%","12"
"compass kids clinic","22","0","0%","13.4"
"tan teck joo","1","0","0%","27"
"pediatric center","18","0","0%","10.1"
"padaetric","4","0","0%","3.5"
"childrens general pediatric clinic","1","0","0%","9"
"sunday clinic singapore","7","0","0%","94.3"
"childrens medical","8","0","0%","48.3"
"pd tampines","20","0","0%","39.7"
"kids hospital near me","4","0","0%","5"
"the baby and child clinic","35","0","0%","35.1"
"kids clinic near me open now","77","0","0%","7.8"
"childrens clinic pediatrics","4","0","0%","7.5"
"pediatrician in near me","2","0","0%","56.5"
"paediatrician open on sunday","3","0","0%","19.7"
"child specialist clinic","4","0","0%","15"
"childrens open now","5","0","0%","11.6"
"nearby child clinic","20","0","0%","10.3"
"banyan clinic @ jw","1","0","0%","1"
"peaditrics","1","0","0%","6"
"for kids clinic","5","0","0%","8.4"
"pediatrcs","1","0","0%","1"
"pediatric family clinic tampines","3","0","0%","40"
"punggol clinic","15","0","0%","65.1"
"walk in clinic for kids","2","0","0%","8"
"kid pediatric","1","0","0%","4"
"kids private hospital","1","0","0%","36"
"a good pediatrician near me","1","0","0%","40"
"good pediatrician doctor near me","1","0","0%","42"
"sg pediatrics","2","0","0%","69.5"
"kids r us clinic singapore","29","0","0%","8.4"
"choa","2","0","0%","83"
"childrens pediatrics","2","0","0%","9"
"bukit batok children clinic","49","0","0%","10.9"
"child doctor near me open now","1","0","0%","18"
"baby and child clinic - tampines opening hours","13","0","0%","10.8"
"pediatrician open","17","0","0%","9.7"
"child immunisation clinic near me","1","0","0%","1"
"clinics nearby me","1","0","0%","11"
"paediatric physician","1","0","0%","1"
"pasir ris baby and child clinic photos","1","0","0%","21"
"doctor for kid","1","0","0%","1"
"goodwill childrens clinic reviews","1","0","0%","9"
"24 hour pediatrician","8","0","0%","49.3"
"kinder clinic pte ltd photos","1","0","0%","10"
"cda approved clinic near me","28","0","0%","12.6"
"kids medical checkup","1","0","0%","23"
"joo seng clinic","2","0","0%","61"
"chilldrens","1","0","0%","1"
"pediatrician for kids","2","0","0%","8.5"
"immunization child","1","0","0%","2"
"clinic singapore 24 hours","2","0","0%","97.5"
"pediatrician doctors near me","1","0","0%","14"
"jurong to bedok","3","0","0%","65.7"
"pediatric medicine","9","0","0%","51"
"children health services","1","0","0%","54"
"cck 24-hr family clinic","2","0","0%","78"
"pediatrician clinic open on sunday","1","0","0%","10"
"jurong west vaccination centre","1","0","0%","101"
"kids clinic sengkang compass one","208","0","0%","11.5"
"the cliniq","1","0","0%","58"
"sengkang polyclinic walk in","1","0","0%","91"
"dr kang tan","1","0","0%","7"
"street 21 clinic","1","0","0%","84"
"top pediatricians near me","1","0","0%","59"
"sunday pediatrician","36","0","0%","10.4"
"baby clinic bukit panjang","1","0","0%","32"
"pedeatrition","1","0","0%","1"
"clinics open near me","1","0","0%","22"
"kid medical","1","0","0%","1"
"walk-in pediatric clinic near me","1","0","0%","10"
"jurong east clinic near me","2","0","0%","47"
"baby medicine near me","1","0","0%","11"
"parkway east pediatrician","19","0","0%","48.9"
"nearest hospital for kids","1","0","0%","5"
"public pediatrician near me","2","0","0%","12"
"paediatrician punggol waterway","1","0","0%","62"
"international childrens clinic","1","0","0%","85"
"bishan kids clinic","5","0","0%","60.4"
"non emergency clinic","1","0","0%","9"
"clinic for baby near me","114","0","0%","10.7"
"paddington clinic bedok","1","0","0%","40"
"tampines pediatrician","49","0","0%","24"
"jurong clinic","363","0","0%","85.3"
"baby clinic singapore 24 hours","41","0","0%","23.1"
"bukit batok child clinic","34","0","0%","13.3"
"clinic for childrens near me","31","0","0%","8.8"
"24 hour clinic sengkang","240","0","0%","85.4"
"pediatricians near me","16","0","0%","28.6"
"doctor near me","9","0","0%","19.7"
"peds near me","1","0","0%","6"
"clinic that can use cda","1","0","0%","36"
"clinic pediatrics near me","4","0","0%","8.8"
"childrens doctor","30","0","0%","10.1"
"paediatric tampines","24","0","0%","23.8"
"kids clinics near me","17","0","0%","9.4"
"nearby baby clinic","38","0","0%","9.2"
"paediatric clinic serangoon","3","0","0%","12.7"
"baby vaccination doctor singapore","9","0","0%","90.6"
"childrens clinic saturday hours","2","0","0%","10"
"child guidance clinic singapore","3","0","0%","96.3"
"clinic around me","2","0","0%","23"
"kids clinic compassone","50","0","0%","11.4"
"dr near me","2","0","0%","19"
"67727708","3","0","0%","3"
"pediatrician clementi","1","0","0%","27"
"pedia clinic near me open","1","0","0%","15"
"childrens clinic open now","4","0","0%","9.8"
"pediatrician clinics near me","6","0","0%","9.2"
"clinic bedok reservoir","20","0","0%","83.8"
"paediatrician clinic","13","0","0%","18.5"
"good paediatrician in singapore","6","0","0%","90"
"walk in children clinic","8","0","0%","8.9"
"ang mo kio pediatrician","11","0","0%","50.9"
"venessa tan","15","0","0%","61.5"
"childrens clinix","1","0","0%","5"
"sengkang family clinic","7","0","0%","73"
"raffles kids clinic","1","0","0%","58"
"walk in clinic kids","4","0","0%","4.8"
"clinic open today near me","2","0","0%","13"
"pediatrician on sunday","27","0","0%","10.8"
"choa chu kang to bedok","2","0","0%","12"
"children clonic","4","0","0%","10.8"
"childrens clinc","2","0","0%","6"
"sg 532","1","0","0%","39"
"baby and child medical group","24","0","0%","38.4"
"nearest childrens clinic","37","0","0%","10.6"
"klinik ng yew teck","9","0","0%","53.9"
"kid pediatrician near me","27","0","0%","9.4"
"toa payoh childrens clinic","4","0","0%","32"
"pediatrics near me","20","0","0%","21.3"
"walk in childrens clinic near me","1","0","0%","9"
"parkway east paediatric clinic","72","0","0%","53.3"
"peads near me","30","0","0%","9.3"
"klinik kanak kanak near me","2","0","0%","9"
"blk 136 bedok north ave 3","4","0","0%","52.3"
"kids clinic sunday","7","0","0%","13.7"
"pediatrician specialist near me","2","0","0%","32"
"the baby and child clinic photos","9","0","0%","30.8"
"choa chu kang mrt clinic","3","0","0%","15"
"pediatrician open on saturday","14","0","0%","9.9"
"kid dr","1","0","0%","9"
"childrenclinic","1","0","0%","5"
"blk 309 choa chu kang","3","0","0%","61.7"
"s.t lim child specialist","10","0","0%","10.6"
"vanessa heng","2","0","0%","2.5"
"child.clinic near me","3","0","0%","10"
"developmental pediatrician","2","0","0%","6"
"pedia clinic open on sunday","2","0","0%","11"
"sbcc singapore","2","0","0%","42.5"
"lakeside childrens clinic","19","0","0%","58.9"
"children clinic open on sunday","10","0","0%","11.3"
"children clinic west point","2","0","0%","9.5"
"dr siva paediatrician","2","0","0%","1.5"
"pediatric around me","6","0","0%","45.7"
"vaccination centre jurong east","2","0","0%","83.5"
"children emergency near me","2","0","0%","8.5"
"children walk in clinic","3","0","0%","9.7"
"榜鹅诊所","1","0","0%","89"
"clinic in jurong west","3","0","0%","92.7"
"dr vanessa ng","4","0","0%","3.3"
"paeditrician near me","2","0","0%","1"
"play! by kinderplay","1","0","0%","1"
"sengkang general hospital pediatrics","2","0","0%","8.5"
"シンガポール 小児科","3","0","0%","92"
"pediatrician hougang","21","0","0%","9.2"
"baby & child medical group","18","0","0%","40.8"
"pediatricians open on weekends","2","0","0%","13"
"clinic near bedok","31","0","0%","73"
"clinic pediatric","7","0","0%","11"
"tan children","1","0","0%","3"
"baby clinic punggol","50","0","0%","15.8"
"paediatrics clinic near me","6","0","0%","5.8"
"punggol kids clinic","24","0","0%","26.7"
"kkh clinic m","2","0","0%","26"
"yew tee mrt clinic","3","0","0%","55"
"tan childrens clinic","20","0","0%","16.2"
"babies clinic near me","9","0","0%","10.3"
"24-hour clinic near yew tee","1","0","0%","69"
"kids clinic @ punggol by smg photos","6","0","0%","26.7"
"kids clinic @ tampines","1","0","0%","44"
"bedok polyclinic operating hours","1","0","0%","55"
"child care hospital","3","0","0%","31.7"
"walk in clinic for baby","1","0","0%","19"
"pediatrician sunday open","33","0","0%","10.8"
"clinic near me hougang","1","0","0%","74"
"children doctor singapore","9","0","0%","11.9"
"cck 24 hour clinic","23","0","0%","51.1"
"blk 237 compassvale walk","3","0","0%","30.3"
"specialkids child health & development clinic reviews","1","0","0%","25"
"pediatrician near me now","1","0","0%","71"
"vaccination centre for kids near me","2","0","0%","70.5"
"anchorvale link clinic","1","0","0%","14"
"nearby pediatrician clinic","8","0","0%","9.6"
"paediatric clinic open now","16","0","0%","13"
"paeds doctor near me","6","0","0%","11"
"baby care clinic near me","2","0","0%","3.5"
"childcare hospital near me","1","0","0%","76"
"open pediatrician near me","1","0","0%","11"
"specialist doctor for children","1","0","0%","1"
"clinic near ne","1","0","0%","89"
"baby clinic hougang","4","0","0%","12.8"
"peads dr near me","1","0","0%","1"
"medical clinic near me","1","0","0%","53"
"private pediatric clinic near me","3","0","0%","8"
"pediatrician open today","27","0","0%","8.6"
"pediatric care near me","3","0","0%","12.7"
"paediatric clinic (bedok)","15","0","0%","1.9"
"vanesza clinic","1","0","0%","40"
"pediatric for kids near me","1","0","0%","10"
"clinic near jurong west","1","0","0%","96"
"pedeatric center","1","0","0%","9"
"nearest pediatrician to my location","1","0","0%","12"
"kids clinix","1","0","0%","1"
"paediat","1","0","0%","8"
"doctor kids","5","0","0%","35.2"
"pediatrician bukit batok","74","0","0%","13.9"
"paedriatrician","1","0","0%","1"
"24 hour clinic choa chu kang reviews","1","0","0%","27"
"kkh walk in clinic","5","0","0%","56.4"
"children clinic woodlands","1","0","0%","20"
"paediatric walk in","1","0","0%","12"
"paediatric specialist","1","0","0%","18"
"klinik bayi near me","4","0","0%","9.8"
"padatric","1","0","0%","3"
"childrens hospital singapore","8","0","0%","69.5"
"dr rashid","1","0","0%","9"
"pediatrician open on public holiday","4","0","0%","13"
"doctors near me pediatrician","2","0","0%","57"
"top pediatrician near me","2","0","0%","30"
"nuh childrens clinic","2","0","0%","73"
"anchorvale clinic","276","0","0%","64.5"
"behavioral pediatrician","1","0","0%","3"
"sengkang clinic open now","17","0","0%","36.2"
"baby dentist singapore","1","0","0%","44"
"24-hour baby clinic near me","3","0","0%","43.7"
"klinik kang","1","0","0%","94"
"clinic kids","17","0","0%","9.6"
"jurong west clinic","2","0","0%","99"
"clinic open today","1","0","0%","164"
"cck family clinic photos","1","0","0%","51"
"the cheery child clinic @ hougang","1","0","0%","1"
"paediatric care","3","0","0%","10.3"
"what is a pd doctor","1","0","0%","50"
"jurong east medical clinic","1","0","0%","48"
"child clinics","2","0","0%","9"
"pediatree clinic","1","0","0%","15"
"punggol oasis kids clinic","1","0","0%","16"
"24 bedok north drive","1","0","0%","85"
"sbcc sengkang","5","0","0%","43.8"
"emergency paediatrician","1","0","0%","9"
"baby walk in clinic near me","1","0","0%","10"
"best pediatrician clinic near me","1","0","0%","39"
"kids clinic @ tampines by smg","1","0","0%","59"
"dr chua bukit batok","2","0","0%","79.5"
"toddler doctor near me","7","0","0%","10.6"
"clinic in cck","2","0","0%","20.5"
"盛港诊所","8","0","0%","23"
"sengkang polyclinic operating hours","1","0","0%","76"
"pediatrician on call near me","2","0","0%","24.5"
"pediatrician near me 24 hours","1","0","0%","36"
"childrens hospital near me","2","0","0%","5.5"
"paedatric","1","0","0%","6"
"baby and child clinic tampines","591","0","0%","37.3"
"optum pediatrics near me","1","0","0%","15"
"bukit batok clinic open now","3","0","0%","80"
"nearest children hospital near me","1","0","0%","13"
"pediatrician online consultation","1","0","0%","10"
"special needs doctors","1","0","0%","4"
"open pedia clinic near me","1","0","0%","8"
"boys clinic","2","0","0%","7"
"pediatrician near me within 800m","1","0","0%","36"
"children medical clinic","5","0","0%","7"
"cck kids","3","0","0%","10.3"
"sunat clinic singapore","1","0","0%","7"
"bedok north clinic opening hours","2","0","0%","44"
"dr pediatrician near me","2","0","0%","33"
"pediatrician open weekends","2","0","0%","11"
"309 choa chu kang","1","0","0%","98"
"children dentist","2","0","0%","11"
"best childrens clinic near me","7","0","0%","14.6"
"doctor for kids","14","0","0%","11.4"
"pedriatic care","1","0","0%","7"
"childrens pediatrics near me","2","0","0%","8.5"
"government clinic near me","1","0","0%","75"
"one clinic punggol","1","0","0%","91"
"clinic fernvale link","2","0","0%","69.5"
"paeds gastroenterologist","3","0","0%","11.7"
"24 7 pediatrician near me","1","0","0%","27"
"pediatrician open on sunday singapore","4","0","0%","13.3"
"21 audubon pediatric clinic","1","0","0%","72"
"near child doctor","1","0","0%","8"
"infants and childrens clinic","1","0","0%","13"
"medical clinic sengkang","1","0","0%","59"
"kidsclinic tampines","3","0","0%","18.7"
"kids clinic @ bishan","3","0","0%","77"
"pedeatric near me","1","0","0%","6"
"chikdren clinic","1","0","0%","12"
"the childrens medical center","1","0","0%","1"
"clinic at bedok reservoir","7","0","0%","91.7"
"babies clinic","11","0","0%","8.4"
"padiatric","1","0","0%","4"
"新加坡妇产科诊所","1","0","0%","249"
"kids doc pediatrics","1","0","0%","6"
"kk childrens hospital","1","0","0%","84"
"teck whye lane clinic","1","0","0%","50"
"clinic near anchorvale crescent","1","0","0%","55"
"good pediatric doctor near me","1","0","0%","30"
"clinics around me","1","0","0%","47"
"kkh paediatrics","2","0","0%","51"
"chikdrens","1","0","0%","10"
"kidsplus","1","0","0%","3"
"dr child specialist near me","1","0","0%","15"
"paediatricion","1","0","0%","1"
"pediatric peds","1","0","0%","12"
"diwaakar childrens clinic","1","0","0%","6"
"serangoon ave 2 clinic","1","0","0%","27"
"clinic near me for baby","2","0","0%","4.5"
"pedi kids","1","0","0%","11"
"pediatrician in tampines","2","0","0%","27"
"venessa kang","1","0","0%","50"
"kids check up near me","1","0","0%","10"
"dr lim child","1","0","0%","15"
"dr siva kinder clinic","1","0","0%","13"
"pedaitric","1","0","0%","4"
"dorothys baby & child clinic","4","0","0%","12.5"
"doctor kids near me","3","0","0%","7"
"clinic","16","0","0%","69.5"
"baby clinic near bukit batok","5","0","0%","15.8"
"yew tee clinic opening hours","10","0","0%","46.1"
"childrens paediatrician near me","5","0","0%","10"
"pd open on public holiday","3","0","0%","19.3"
"children clinic east","9","0","0%","7.1"
"peditian","1","0","0%","1"
"paediatric clinic east","15","0","0%","11.1"
"near by childrens clinic","3","0","0%","6.7"
"clinic in sengkang","36","0","0%","61.9"
"children immunization clinic","1","0","0%","5"
"winston","1","0","0%","4"
"kidz klinik near me","1","0","0%","16"
"儿科","6","0","0%","2.7"
"childerns clinic","1","0","0%","5"
"near childrens clinic","1","0","0%","9"
"girl 7 sengkang","1","0","0%","6"
"dr for baby near me","1","0","0%","8"
"lot 1 clinic","13","0","0%","30.6"
"childrens pediatric clinic near me","3","0","0%","8"
"private clinic for kids","1","0","0%","6"
"pediatrician best near me","1","0","0%","51"
"pediatrics open on sunday","8","0","0%","10.5"
"affordable paediatrician","1","0","0%","1"
"imc children","9","0","0%","16"
"pediatric m","1","0","0%","4"
"dr tan paediatrician","1","0","0%","90"
"baby specialist doctor near me","3","0","0%","9.3"
"sbcc baby child clinic singapore","24","0","0%","93.3"
"paediatric services singapore","1","0","0%","26"
"pediatrics singapore","18","0","0%","22.7"
"walk in pediatrician","1","0","0%","29"
"klinik yew","1","0","0%","72"
"thomson paediatric centre jem","8","0","0%","70.6"
"clinic pediatrician near me","1","0","0%","10"
"dr allyson tan","1","0","0%","57"
"peadiatricians","1","0","0%","1"
"paeds clinic","42","0","0%","9.2"
"paedaetrician","1","0","0%","1"
"cheery child clinic","5","0","0%","13.6"
"tampines pd","26","0","0%","31.3"
"pediatric dr near me","4","0","0%","9.8"
"kids pediatrics near me","3","0","0%","10"
"childrens clinic nearby","1","0","0%","8"
"baby care hospital","2","0","0%","31"
"детский медицинский центр","2","0","0%","2"
"nearest pediatrician near me","10","0","0%","5.4"
"24/7 pediatrician","1","0","0%","10"
"good pediatrician singapore","17","0","0%","51.5"
"baby clinic 24 hours","14","0","0%","28.5"
"kid pediatrics","2","0","0%","6"
"clinic nearme","1","0","0%","58"
"childrens clinics","3","0","0%","8.7"
"kidz clinic tampines","14","0","0%","18.3"
"nearest clinic","2","0","0%","15.5"
"kids health clinic","18","0","0%","74.6"
"pediatric doctors near me","4","0","0%","15.5"
"tampines paediatric clinic","33","0","0%","33.1"
"buangkok kids clinic","19","0","0%","6.8"
"pd in tampines","8","0","0%","40.9"
"children doctor nearby","2","0","0%","12"
"health children","1","0","0%","11"
"pediatric clinic open on sunday","4","0","0%","12.3"
"kids clonic","3","0","0%","1.3"
"doctor bedok","2","0","0%","66"
"kid clinic tampines","2","0","0%","25"
"pediatric weekend clinic","6","0","0%","12.7"
"bedok clinic open now","30","0","0%","40.3"
"near baby clinic","1","0","0%","11"
"klinic kids","1","0","0%","2"
"the children clinic","10","0","0%","8.8"
"pediatrician open on saturday near me","2","0","0%","13"
"clinic pedia near me","2","0","0%","11"
"pediatric gastroenterologist singapore","12","0","0%","55.5"
"kids clinic seng kang","12","0","0%","10.1"
"neonatologist pediatrician","2","0","0%","6"
"childrens clinic near me open now","6","0","0%","10.5"
"punggol pd","21","0","0%","24.8"
"nearest polyclinic to me","3","0","0%","10"
"walk in paediatric clinic near me","2","0","0%","12"
"kids walk","1","0","0%","4"
"sembawang clinic open now","1","0","0%","82"
"clinic near choa chu kang","23","0","0%","52"
"paediatric north","2","0","0%","7.5"
"famous pediatrician near me","1","0","0%","6"
"paediatrician clinic in singapore","265","0","0%","18.5"
"pediatric clinics","18","0","0%","9.1"
"the kids doctor","3","0","0%","11"
"kidsluck clinic","2","0","0%","10"
"24-hour clinic (bedok north)","1","0","0%","91"
"baby pediatrician near me","4","0","0%","4.3"
"baby and child care clinic","3","0","0%","11"
"paediatric clinic hougang","16","0","0%","10.3"
"bedok reservoir clinic","112","0","0%","91"
"kidclinic","16","0","0%","2.9"
"pediatrician home visit","1","0","0%","86"
"peadriatric","1","0","0%","4"
"developmental pediatrician singapore","23","0","0%","51.7"
"babies & childrens clinic","2","0","0%","6.5"
"sengkang 24 hours clinic","13","0","0%","54"
"bedok north street 3 clinic","7","0","0%","88.1"
"pediatrician around me","6","0","0%","58.3"
"franklin pediatric clinic","2","0","0%","8"
"dorothy baby and child clinic","1","0","0%","54"
"heng clinic","13","0","0%","96.2"
"paediatric clinics","4","0","0%","6.5"
"儿科英文","1","0","0%","1"
"pedestrian doctor near me","2","0","0%","10"
"309 cck ave 4","3","0","0%","69.3"
"vaccination centre singapore","3","0","0%","3.7"
"nearby kids doctor","4","0","0%","6"
"pediatric health clinic","3","0","0%","37"
"kinder clinic pte ltd singapore reviews","1","0","0%","32"
"paediatrician in singapore","77","0","0%","57.7"
"baby pd","9","0","0%","6.9"
"bukit batok clinic 24 hours","7","0","0%","90.4"
"peadiatric clinic","9","0","0%","12.1"
"pediatrician singapore west","10","0","0%","6.9"
"clinics for children near me","2","0","0%","9.5"
"childrens clinic reviews","1","0","0%","10"
"kid doctor","10","0","0%","5.4"
"pediatric kids","5","0","0%","9.2"
"pd children","15","0","0%","8.9"
"choa chu kang clinic open now","9","0","0%","33.8"
"clinic open near me","1","0","0%","10"
"the pediatric clinic","9","0","0%","11.3"
"kids clinic oasis","11","0","0%","50.8"
"are pediatricians open on sundays","4","0","0%","10.5"
"consultant paediatrician","1","0","0%","6"
"best children clinic near me","1","0","0%","4"
"kids clinic punggol reviews","22","0","0%","15.5"
"peaditric","2","0","0%","4.5"
"childrend clinic","1","0","0%","9"
"garden clinic photos","1","0","0%","16"
"doctor for baby near me","4","0","0%","2.5"
"238 compassvale walk","1","0","0%","96"
"kids clinic sengkang grand","14","0","0%","18.6"
"childcare clinic","5","0","0%","6.2"
"sengkang hospital appointment hotline","1","0","0%","65"
"childrens specialist near me","7","0","0%","8.1"
"baby specialist clinic near me","5","0","0%","7.6"
"urgent pediatric care near me","2","0","0%","6"
"mackenzie kids clinic","1","0","0%","1"
"tan chu kang","1","0","0%","2"
"kids clinic hougang","41","0","0%","10.6"
"paeds doctor","2","0","0%","1"
"pediatrician walk in near me","2","0","0%","12.5"
"24 hrs pediatrician near me","2","0","0%","60"
"pediatrician m","3","0","0%","4"
"skin specialist near me for child","1","0","0%","9"
"bedok reservoir view clinic","1","0","0%","70"
"sengkang clinic compass one","1","0","0%","41"
"dr ng heng joo","8","0","0%","17.6"
"kidlink hours","1","0","0%","11"
"paediatrican","1","0","0%","1"
"cck to sengkang","2","0","0%","11.5"
"imc camden childrens","1","0","0%","56"
"walk in clinic pediatric near me","2","0","0%","11.5"
"pediatrician consultation","5","0","0%","11.2"
"paediatric doctors near me","4","0","0%","16.3"
"pd at","7","0","0%","9.4"
"yew tee doctor","1","0","0%","65"
"kid pediatrician","1","0","0%","12"
"near pediatrician clinic","8","0","0%","11.1"
"paediatric medicine","20","0","0%","55"
"childrens pediatric clinic","2","0","0%","8.5"
"pediatric centre","2","0","0%","4"
"bedok doctor","19","0","0%","40.5"
"pediatrician sunday","6","0","0%","13"
"clinic for baby","12","0","0%","8"
"pediatrician near me walk in","1","0","0%","9"
"singapore children specialist center","27","0","0%","13.4"
"clinic at punggol","3","0","0%","74.3"
"kids clinic - paediatricians","1","0","0%","4"
"singapore children hospital","2","0","0%","34"
"sbcc baby & child clinic (rivervale)","3","0","0%","1"
"bedok clinic","849","0","0%","45.6"
"weekend pediatrician","8","0","0%","9.4"
"clinic pediatrics","13","0","0%","12"
"kids doctors near me","4","0","0%","10.5"
"khoo teck puat children","1","0","0%","66"
"fernvale link clinic","6","0","0%","50"
"dr. vanessa tan","14","0","0%","5.1"
"childern clinic","7","0","0%","7.4"
"childrens clinic locations","1","0","0%","2"
"childrens physicians group","2","0","0%","35.5"
"children clinic tampines","13","0","0%","23.8"
"st medical bedok","20","0","0%","88.8"
"妇产科新加坡","1","0","0%","137"
"clinic in bedok","238","0","0%","61.9"
"kids pediatrician","40","0","0%","9.3"
"pediatrician near me open today","1","0","0%","14"
"choa chu kang polyclinic hotline","2","0","0%","46"
"24 hour clinic near choa chu kang","1","0","0%","85"
"infant doctor near me","4","0","0%","11.3"
"dr ng pediatrician","3","0","0%","31.3"
"paeditric","1","0","0%","4"
"clinics near sengkang","2","0","0%","57"
"toddler pediatrician near me","2","0","0%","8"
"best pediatrician singapore","218","0","0%","47.8"
"paediatric clinics open on sunday","143","0","0%","17.4"
"pd open","14","0","0%","9.6"
"novena children clinic reviews","1","0","0%","41"
"24 hour pediatric clinic near me","33","0","0%","31.6"
"kids clinik","3","0","0%","1"
"child pd","11","0","0%","8.2"
"pedtrician near me","1","0","0%","18"
"children medical near me","1","0","0%","1"
"pediatrician open on weekends","13","0","0%","10.9"
"pediatric office open on weekends","1","0","0%","9"
"childrens health center","5","0","0%","43"
"pedia clinic near me open now","7","0","0%","10.9"
"children clinic toa payoh","1","0","0%","37"
"cck clinic near me","2","0","0%","13"
"baby gp near me","1","0","0%","1"
"doctors for babies near me","2","0","0%","9"
"pediatrican near me","1","0","0%","52"
"24/7 pediatrics","11","0","0%","10.9"
"child clinics near me","10","0","0%","11.1"
"pediatrics clinics","4","0","0%","5.8"
"singapore baby and child clinic","315","0","0%","32.9"
"pediatric consultation","7","0","0%","9.1"
"paedietric","1","0","0%","4"
"pd near","2","0","0%","9"
"children ent singapore","13","0","0%","98.8"
"the kids clinic reviews","12","0","0%","27.5"
"choa chu kang polyclinic photos","2","0","0%","72"
"clinic at tengah","1","0","0%","68"
"dr mariki","1","0","0%","1"
"pediatric medical clinic near me","1","0","0%","16"
"pediatric specialists near me","2","0","0%","7"
"kid doctors","1","0","0%","8"
"child.doctor near me","1","0","0%","11"
"anchorvale family clinic","1","0","0%","57"
"best kids clinic near me","3","0","0%","13"
"doctors for kids near me","1","0","0%","12"
"chua soon heng","1","0","0%","61"
"link kid","4","0","0%","5.5"
"baby vaccination clinic near me","3","0","0%","6"
"child care clinic near me","10","0","0%","4"
"tan clinic near me","1","0","0%","1"
"north east clinic compass one","1","0","0%","40"
"children urgent care near me","1","0","0%","5"
"winston chua","2","0","0%","67"
"clinic sengkang grand mall","1","0","0%","19"
"kidshealth yishun","2","0","0%","6"
"sunday open child clinic near me","2","0","0%","13"
"kids walkin clinic","2","0","0%","5"
"paediatric clinic sembawang","100","0","0%","11.3"
"east pediatric clinic","1","0","0%","12"
"cheap doctor near me","1","0","0%","23"
"clinic singapore near me","1","0","0%","30"
"pediatrics open on saturday near me","2","0","0%","13.5"
"clinic kid","14","0","0%","5.9"
"pediatric doctor near me","31","0","0%","10.5"
"clinic in punggol","1","0","0%","78"
"dr ranjini paediatrician","1","0","0%","5"
"24 hours paediatric clinic singapore","25","0","0%","27.2"
"24 hour pediatric care near me","1","0","0%","79"
"international child & adolescent clinic singapore","1","0","0%","79"
"kids urgent care near me","1","0","0%","85"
"child development assessment polyclinic","1","0","0%","12"
"st medical clinic bedok","1","0","0%","67"
"childrens night clinic near me","1","0","0%","16"
"vanessa tan","1","0","0%","74"
"baby doctor clinic near me","1","0","0%","12"
"pediatricians doctors near me","1","0","0%","14"
"kids skin doctor near me","1","0","0%","6"
"near by childrens hospital","1","0","0%","5"
"pediatric dentist polyclinic","1","0","0%","30"
"kinderland clinic","1","0","0%","13"
"kid health pediatric clinic","50","0","0%","8.5"
"baby and child clinic bukit batok","33","0","0%","27.2"
"compass one doctor","1","0","0%","8"
"clinic at sengkang","28","0","0%","51.9"
"pediatrics clinic near me","63","0","0%","9.4"
"pediatrition","1","0","0%","3"
"klinik child near me","1","0","0%","7"
"baby walk in clinic","1","0","0%","8"
"childrens specialist","1","0","0%","12"
"clinic in yew tee","4","0","0%","84.3"
"pediatric open now","23","0","0%","9.9"
"yew tee clinic","100","0","0%","76.5"
"newborn clinic near me","13","0","0%","12.3"
"winston clinic","16","0","0%","10.2"
"baby clinic near hougang","7","0","0%","15"
"kids r us clinic @ tiong bahru","3","0","0%","12.3"
"kids clinic yishun","3","0","0%","48.7"
"kinder clinic near me","8","0","0%","12.4"
"kids clinic mount alvernia","1","0","0%","72"
"kidslink bozeman","1","0","0%","4"
"pediatricians open on sunday","5","0","0%","10.4"
"best pediatric doctor near me","1","0","0%","54"
"clinics for babies near me","9","0","0%","10.9"
"padetrician","2","0","0%","3.5"
"baby clinics","1","0","0%","5"
"doctor for kids near me","6","0","0%","11"
"choa pediatric urology","1","0","0%","1"
"pediatrician nearby","13","0","0%","8.8"
"link clinic","38","0","0%","10.2"
"kinderclinic","18","0","0%","3.3"
"pedetrician","1","0","0%","3"
"kids peds","1","0","0%","5"
"mbbs pediatrician","1","0","0%","16"
"pediatrician open on sunday near me","26","0","0%","13.5"
"child specialist","13","0","0%","40.1"
"sengkang hospital opening hours","1","0","0%","45"
"private paediatrician","1","0","0%","1"
"olive tree clinic sengkang","10","0","0%","65.8"
"tampines children clinic","5","0","0%","25.4"
"child pediatrician near me","31","0","0%","7.6"
"kids pediatric clinic","14","0","0%","5.9"
"351 jurong east street 31","1","0","0%","73"
"kinder clinic pte ltd singapore","2","0","0%","60.5"
"pediatrician bukit panjang","6","0","0%","59.8"
"pediatrician punggol","96","0","0%","18.6"
"kids paediatrician","7","0","0%","6.1"
"clinic open on public holiday singapore","1","0","0%","100"
"padiatric near me","1","0","0%","7"
"kids dr","5","0","0%","9.8"
"child and baby clinic","11","0","0%","9.5"
"clinics near me for kids","7","0","0%","8.6"
"after hours clinic kids","1","0","0%","4"
"clinic compassvale","22","0","0%","9.2"
"kids specialist","4","0","0%","9.5"
"the cheery child clinic","1","0","0%","48"
"junior baby & child clinic reviews","2","0","0%","41.5"
"新加坡kk医院","2","0","0%","49.5"
"thomson paediatric centre jurong","1","0","0%","98"
"peadetric","3","0","0%","4"
"children clinic nearby","43","0","0%","9.1"
"child doctor appointment","1","0","0%","1"
"childrens pediatricians near me","1","0","0%","6"
"kids emergency near me","1","0","0%","10"
"childrens doctor clinic near me","2","0","0%","11.5"
"atlantic pediatric","2","0","0%","4.5"
"the best pediatrician near me","1","0","0%","52"
"banyan clinic pte ltd","1","0","0%","1"
"clinic near me for children","6","0","0%","9.7"
"gp for kids","3","0","0%","3"
"kid doctor pediatrician near me","3","0","0%","11"
"me pediatrics","1","0","0%","13"
"pedia doctor","1","0","0%","20"
"kids vaccination near me","2","0","0%","2"
"childrens pediatrician near me","3","0","0%","11.7"
"dr lim kwang hsien","4","0","0%","48.5"
"one doctor near me","1","0","0%","8"
"baby bear clinic","11","0","0%","1"
"choa chu kang centre directory","2","0","0%","1"
"childtens clinic","2","0","0%","6"
"kid-doc pediatrics","4","0","0%","1.5"
"paediatrian","1","0","0%","1"
"poly clinic pediatrics","1","0","0%","10"
"clinic m kkh","1","0","0%","29"
"bedok south clinic","25","0","0%","94"
"nearest child clinic","9","0","0%","9.4"
"st lim child specialist","3","0","0%","9.7"
"walking clinic close to me","1","0","0%","69"
"walk in pediatric","1","0","0%","7"
"eczema clinic near me","2","0","0%","18.5"
"eyes doctor for kids","1","0","0%","1"
"paedritician","1","0","0%","3"
"pedatric clinic","2","0","0%","12"
"clinic for child near me","24","0","0%","9.8"
"clinic children","36","0","0%","7.8"
"nearest baby clinic","28","0","0%","8.5"
"jurong east vaccination centre","5","0","0%","73.4"
"child care clinic","2","0","0%","22"
"klinik pakar kanak kanak","1","0","0%","11"
"kkh clinic m contact number","2","0","0%","27"
"special clinic for children","3","0","0%","9.7"
"bukit batok pediatrician","43","0","0%","13.9"
"pediatricc","1","0","0%","3"
"24 hours paediatric clinic near me","2","0","0%","37"
"lim clinic chai chee","1","0","0%","34"
"nearest pediatric clinic","8","0","0%","10.9"
"clinic sengkang","63","0","0%","42.1"
"childrens","192","0","0%","18"
"walk in pediatric near me","1","0","0%","9"
"pead clinic","27","0","0%","31.6"
"chua chu kang clinic","1","0","0%","11"
"clinic near yew tee mrt","1","0","0%","93"
"tampines kids clinic","25","0","0%","33.4"
"clinic near me","184","0","0%","30"
"pediatric cardiology singapore reviews","1","0","0%","33"
"childrens clinic open near me","1","0","0%","9"
"pediatrician doctor","8","0","0%","35.8"
"jurong east clinic","266","0","0%","65.1"
"doctors near me","1","0","0%","54"
"dr heng","2","0","0%","70"
"khoo chin wah winson","5","0","0%","10"
"clinic open 24 hours near me","1","0","0%","80"
"paeditrician","8","0","0%","26.5"
"kids klinic","25","0","0%","9.4"
"clinics in bedok","23","0","0%","90.5"
"paediatrician near me open now","2","0","0%","5"
"dental clinic for kids","1","0","0%","14"
"general paediatric clinic","1","0","0%","43"
"yew tee clinics","1","0","0%","99"
"clinic near me for child","2","0","0%","10.5"
"pediatric dr","4","0","0%","23.5"
"night clinic for children","2","0","0%","20.5"
"doctor pediatrician","1","0","0%","87"
"punggol kid clinic","4","0","0%","19"
"mp ng paediatric & cardiology clinic singapore","1","0","0%","71"
"childrens medical clinic","3","0","0%","9"
"the kids clinic photos","4","0","0%","12.8"
"best rated pediatrician near me","1","0","0%","43"
"childens clinic","1","0","0%","4"
"dr lim pediatrician","4","0","0%","39.8"
"hfmd","11","0","0%","1.9"
"pediatric specialist near me","5","0","0%","15"
"really sick.sg","1","0","0%","8"
"walk in pediatrician near me","5","0","0%","9.2"
"childrens walk in clinic","4","0","0%","8.5"
"dokter kids","1","0","0%","89"
"paediatric clinic choa chu kang","4","0","0%","2"
"childrens medical group","3","0","0%","71.7"
"best children clinic","1","0","0%","33"
"developmental assessment singapore","4","0","0%","3.3"
"dr vanessa","2","0","0%","1"
"best pediatrician in singapore","16","0","0%","68.8"
"best pediatric gastroenterologist in singapore","2","0","0%","66.5"
"doctor for children","6","0","0%","1.7"
"child specialist doctor near me","10","0","0%","7.1"
"pediatric clinic near me open today","3","0","0%","10.3"
"pediatrician for infants near me","1","0","0%","15"
"dr nancy pediatrician","1","0","0%","6"
"dentist","1","0","0%","1"
"pediatric primary care near me","1","0","0%","38"
"klinik near me","7","0","0%","18.1"
"kid clinic bishan","3","0","0%","81"
"pediatrician clinics","2","0","0%","9"
"punggol paediatrician","10","0","0%","10.2"
"baby clinic jurong","3","0","0%","2"
"children emergency clinic","1","0","0%","7"
"kids doctor clinic","1","0","0%","1"
"klinik singapore reviews","1","0","0%","25"
"pedriatic near me","1","0","0%","9"
"bank of china","1","0","0%","1"
"children pediatrics","8","0","0%","11"
"child clinic","101","0","0%","10.8"
"walk in clinic in","1","0","0%","73"
"clinics in sengkang","3","0","0%","76.7"
"jurong west doctor","1","0","0%","120"
"walk in clinic singapore","6","0","0%","83.2"
"weekend pediatrician near me","4","0","0%","32"
"bedok clinics","3","0","0%","82.3"
"vaccination centre choa chu kang","4","0","0%","89.5"
"clinic near choa chu kang mrt","5","0","0%","22"
"pediatric children","1","0","0%","3"
"paediatrics north","4","0","0%","7.3"
"babys doctor near me","1","0","0%","4"
"baby and child","1","0","0%","54"
"compass clinic","2","0","0%","13.5"
"choa chu kang clinic opening hours","1","0","0%","19"
"24-hour clinic (sengkang)","6","0","0%","90.2"
"childrens close to home near east","1","0","0%","4"
"thomson kids clinic","1","0","0%","6"
"24 hour clinic compass one","4","0","0%","32.5"
"소아과 near me","2","0","0%","6.5"
"kidlink lc","12","0","0%","3"
"pedia clinic near me open sunday","2","0","0%","13"
"nuwoc childrens clinic","4","0","0%","16.3"
"عيادة اطفال","1","0","0%","8"
"小儿科","4","0","0%","5.8"
"padeatrics","1","0","0%","5"
"dr kang pediatrician","2","0","0%","8.5"
"pediatrician.near me","1","0","0%","15"
"best pediatric clinic near me","1","0","0%","37"
"sunat for baby girl clinic tampines","9","0","0%","12.3"
"near me children doctor","1","0","0%","9"
"paediatrician available near me","1","0","0%","19"
"pediatricians who specialize in adhd near me","1","0","0%","4"
"baby and kids","1","0","0%","7"
"kids r us clinic tiong bahru","2","0","0%","16.5"
"clinic at compass one","24","0","0%","36.1"
"podiatrist choa chu kang","1","0","0%","2"
"dr sivasankaran subramaniam","1","0","0%","3"
"clinic kids near me","59","0","0%","8.5"
"singapore children specialist center photos","3","0","0%","9.3"
"baby doctors near me","1","0","0%","17"
"children vaccination singapore","1","0","0%","7"
"child doctor near me","112","0","0%","10.8"
"clinic near me open now","6","0","0%","14"
"clinic baby near me","40","0","0%","12"
"padiatrician near me","1","0","0%","4"
"pediatrician near me open saturday","1","0","0%","24"
"kids pediatric doctor near me","1","0","0%","10"
"child clinic sengkang","5","0","0%","6.4"
"pardiatric","1","0","0%","6"
"paediatric center","1","0","0%","4"
"bone island childrens clinic","1","0","0%","4"
"clinic open on public holiday near me","1","0","0%","16"
"paediatric clinic near me open now","3","0","0%","11.7"
"pediatric clinic open on saturday","6","0","0%","7.5"
"paediatric clinics near me","1","0","0%","16"
"paeditrian","1","0","0%","1"
"pediatric care center","1","0","0%","61"
"sengkang doctor","1","0","0%","64"
"yishun kids clinic","2","0","0%","14.5"
"kids walk-in clinic","1","0","0%","10"
"24 hour paediatric clinic","1","0","0%","38"
"child clinic near me 24 hours","2","0","0%","31.5"
"baby specialist clinic","3","0","0%","13.7"
"jurong east clinics","1","0","0%","55"
"lifeline sengkang","1","0","0%","51"
"cheapest clinic near me","1","0","0%","32"
"doctors for kids","1","0","0%","1"
"pedictric","1","0","0%","1"
"clinic at keat hong mirage","1","0","0%","39"
"sunday paediatrician singapore","6","0","0%","11"
"小兒科","1","0","0%","4"
"kid doc pediatrics","1","0","0%","1"
"lifelink clinic","7","0","0%","70.9"
"peadiatrician near me","1","0","0%","1"
"ped clinic","3","0","0%","9.3"
"paediatrician punggol","22","0","0%","20"
"vanessa kang","1","0","0%","46"
"pediatric dental clinic near me","1","0","0%","18"
"pediatrician open sunday","22","0","0%","10"
"block 136","3","0","0%","59"
"sengkang compass one clinic","32","0","0%","21.1"
"pediatrician clinic near me open now","4","0","0%","18.8"
"childrens clinics near me","1","0","0%","10"
"paediatric hospitals","1","0","0%","56"
"paediatric clinic yishun","1","0","0%","30"
"near kids clinic","1","0","0%","8"
"babies and childrens clinic","4","0","0%","8"
"pediatrics east walk-in clinic","1","0","0%","8"
"child doctor specialist near me","1","0","0%","9"
"kidsconnect","1","0","0%","38"
"infant pediatrician near me","2","0","0%","23.5"
"pediatrician family doctor near me","1","0","0%","43"
"singapore changi airport","1","0","0%","1"
"children pediatric clinic","2","0","0%","10.5"
"paediatrix childrens clinic","1","0","0%","8"
"klinik link","1","0","0%","5"
"nuh kids clinic","2","0","0%","78.5"
"general pediatrics","1","0","0%","6"
"pediatrician polyclinic singapore","1","0","0%","1"
"best hospital for kids","1","0","0%","85"
"dr winston pediatrician","1","0","0%","1"
"pediatrics doctors","1","0","0%","82"
"choa clinic","9","0","0%","12.4"
"kidzconnect","1","0","0%","2"
"dr arun singh pediatrician","1","0","0%","2"
"best developmental pediatrician near me","1","0","0%","67"
"武吉巴督诊所","1","0","0%","111"
"klinik sengkang","1","0","0%","30"
"east pediatrics","1","0","0%","11"
"kids family clinic","1","0","0%","11"
"walk in children clinic near me","1","0","0%","9"
"dr tan developmental clinic reviews","1","0","0%","7"
"pediatric cardiology singapore","2","0","0%","74.5"
"children clinic near me open","1","0","0%","10"
"kids clinic tpy","8","0","0%","58.4"
"dr winston","1","0","0%","9"
"dr lim paediatrician","2","0","0%","48.5"
"childrens walk","4","0","0%","9.5"
"doctor that specializes in children","2","0","0%","6"
"patriotic doctor near me","1","0","0%","1"
"paediatric dentist near me","1","0","0%","17"
"sleep clinic for children","1","0","0%","5"
"paediatricians","68","0","0%","4.7"
"north clinic","1","0","0%","101"
"clinics near me open now","1","0","0%","33"
"kids central","1","0","0%","74"
"ascension pediatrics","1","0","0%","89"
"kids asthma specialist","1","0","0%","7"
"child care specialist","1","0","0%","7"
"my kids clinic","4","0","0%","2.8"
"pediatrics open near me","3","0","0%","11.7"
"children night clinic","1","0","0%","19"
"angelins baby and child clinic","4","0","0%","46"
"paediatric room","1","0","0%","12"
"child care link","1","0","0%","4"
"med 4 kidz","2","0","0%","77.5"
"call pediatrician","2","0","0%","52.5"
"pd for children","5","0","0%","8"
"bishan kid clinic","1","0","0%","94"
"the kids clinic","66","0","0%","21.5"
"oasis kids clinic","4","0","0%","61.3"
"pediatric open on saturday","7","0","0%","8.4"
"clinic at bedok north","18","0","0%","49.7"
"baby & child medical group photos","2","0","0%","4"
"great pediatricians near me","1","0","0%","80"
"infant clinic near me","78","0","0%","13.7"
"childrens pediatric","3","0","0%","8.7"
"kid clinic punggol","18","0","0%","19.6"
"kinder clinic pte ltd","2","0","0%","45"
"pediatrics open now","10","0","0%","9.6"
"kids klinik","5","0","0%","5"
"dr pediatric","1","0","0%","4"
"winston ng","6","0","0%","37.8"
"sengkang grand mall kids clinic","24","0","0%","10.7"
"kidsclinic punggol","13","0","0%","26.7"
"小児科","2","0","0%","1.5"
"waterway point kids clinic","5","0","0%","7.6"
"paediatric consultation","5","0","0%","10.4"
"the kidz clinic","40","0","0%","16.7"
"infant clinic","8","0","0%","16.3"
"special kids clinic","24","0","0%","18.2"
"kids clinic @ punggol by smg","14","0","0%","53.6"
"link children","9","0","0%","3.2"
"65360350","16","0","0%","5.9"
"walk in clinic for kids near me","2","0","0%","9.5"
"68811711","9","0","0%","4.6"
"paediatric singapore","39","0","0%","47.1"
"clinic for toddler near me","12","0","0%","9.3"
"paediatrics","189","0","0%","7.3"
"nuwoc childrens clinic @ ntfgh","4","0","0%","24"
"punggol pediatrician","30","0","0%","25.1"
"pediatrician singapore tampines","1","0","0%","33"
"klinik singapore","7","0","0%","84"
"sengkang grand kids clinic","2","0","0%","24"
"pediattric","1","0","0%","3"
"kids specialist clinic","10","0","0%","9.8"
"baby clinic ang mo kio","8","0","0%","55.8"
"clinic open now bukit batok","2","0","0%","75.5"
"paedetrics","2","0","0%","5"
"greenlink medical clinic photos","2","0","0%","4.5"
"fernvale clinic","1","0","0%","100"
"children health","1","0","0%","10"
"clinics","1","0","0%","56"
"兒科醫生","1","0","0%","22"
"24-hour pediatric clinic near punggol","8","0","0%","13.4"
"seng kang clinic","2","0","0%","32.5"
"kids circumcision near me","1","0","0%","6"
"pediatrician near me open now","17","0","0%","7.3"
"night clinic pediatric","3","0","0%","37"
"paediatricians singapore","8","0","0%","24.3"
"dr vanessa tee","1","0","0%","64"
"kinder family clinic","1","0","0%","8"
"childrens and pediatrics","3","0","0%","8.7"
"clinic child near me","8","0","0%","8.1"
"the kids clinic sengkang","56","0","0%","14.6"
"kids medical clinic","5","0","0%","9.2"
"kidshealth paediatric clinic reviews","1","0","0%","36"
"drop in baby clinic near me","1","0","0%","8"
"children dr","4","0","0%","5.5"
"child link","2","0","0%","17"
"novena childrens clinic","12","0","0%","88.8"
"child specialist clinic near me open now","2","0","0%","10.5"
"clinic bedok north","20","0","0%","49.9"
"tampines clinic open now","5","0","0%","97.6"
"pediatric emergency clinic near me","3","0","0%","43.7"
"chlidrens","1","0","0%","12"
"pediatrics clinic","9","0","0%","13"
"cck 24 hr clinic","6","0","0%","50"
"pedia clinic","42","0","0%","9"
"kinder kids clinic","2","0","0%","1"
"clinic children near me","30","0","0%","9.4"
"pediatrician woodlands singapore","2","0","0%","26"
"drs for kids","1","0","0%","11"
"paeditrican","1","0","0%","1"
"bukit batok pd","203","0","0%","14.6"
"kids clinic compass one","1,040","0","0%","12.3"
"children specialist","16","0","0%","8.9"
"lot one clinic","33","0","0%","40"
"pedeatric clinic","5","0","0%","11.8"
"parkway east paediatric clinic reviews","10","0","0%","35.1"
"pediatrician sengkang general hospital","11","0","0%","7.4"
"kkh clinic opening hours","1","0","0%","52"
"24-hour pediatric clinic near me","63","0","0%","33.7"
"pediatrician that opens on saturday","1","0","0%","10"
"compass one kids","5","0","0%","16"
"pedia doctor near me","7","0","0%","8.7"
"kidz klinik","9","0","0%","81.7"
"309 choa chu kang ave 4","8","0","0%","86"
"clinic sunday open","6","0","0%","75"
"development pedia","1","0","0%","1"
"children paediatric","2","0","0%","8"
"pediatrics doctor near me","2","0","0%","10"
"immunization clinic near me","2","0","0%","1"
"jurong east clinic 24 hours","12","0","0%","84.3"
"baby & child clinic","12","0","0%","23.3"
"clinic at yew tee","12","0","0%","78.9"
"doctor for infants","1","0","0%","4"
"24-hour baby clinic (woodlands)","3","0","0%","45.7"
"pediatrician near me walk ins","16","0","0%","9.7"
"near me pediatric doctor","1","0","0%","10"
"eating specialist for kids","1","0","0%","1"
"pediatric open on sunday","1","0","0%","11"
"choa pediatric orthopedics","1","0","0%","1"
"clinic pediatric near me","14","0","0%","9.3"
"peadratic","1","0","0%","4"
"doctor clinic near me","2","0","0%","78.5"
"vihaan childrens clinic","1","0","0%","31"
"kids ultrasound","1","0","0%","2"
"peditrician","2","0","0%","4"
"pediatric walk in clinic","4","0","0%","12.8"
"womens and childrens clinic","1","0","0%","79"
"pediaatrics","1","0","0%","4"
"toddler clinic","13","0","0%","11.8"
"bedok to choa chu kang","14","0","0%","13.1"
"the childrens clinic doctors","1","0","0%","10"
"dr. heng","1","0","0%","87"
"pedatrician","2","0","0%","2"
"pediatric clinic near me walk-in","8","0","0%","10.6"
"compass one kid clinic","17","0","0%","14.8"
"kidz clinic oasis","4","0","0%","52.5"
"pediatric ent singapore","1","0","0%","126"
"kidzclinic","2","0","0%","5.5"
"dingkids child specialist paediatrics clinic","10","0","0%","6.7"
"klinik baby","3","0","0%","25.7"
"kids clinics","20","0","0%","8.9"
"儿科诊所","18","0","0%","4.6"
"baby klinik near me","5","0","0%","10.4"
"clinic near me kids","19","0","0%","8.8"
"punggol clinic open now","7","0","0%","71.3"
"niteowl pediatrics","1","0","0%","93"
"junior baby and child clinic","3","0","0%","73.7"
"hougang kids clinic","2","0","0%","11"
"pediatric night clinic","4","0","0%","14.5"
"klinik baby near me","1","0","0%","96"
"childrens night clinic","3","0","0%","18.3"
"clinic yew tee","8","0","0%","73.1"
"paediatric cardiology pte ltd","3","0","0%","55"
"sengkang children emergency","3","0","0%","9.3"
"doctors pediatrician near me","4","0","0%","23.3"
"pediatrician walk-in clinic near me","2","0","0%","7"
"childrens walk in clinic near me","5","0","0%","12.2"
"oasis terrace kids clinic","1","0","0%","16"
"thomson paediatric centre - jem @ jurong east (康盛儿科诊所)","2","0","0%","1"
"vel childrens clinic","1","0","0%","9"
"7 year old girl sengkang","1","0","0%","10"
"儿科 near me","5","0","0%","4.2"
"pediatrist","1","0","0%","4"
"pediartic","1","0","0%","2"
"pediatrics open on saturday","3","0","0%","5.7"
"kids doctor near me open now","1","0","0%","10"
"cakhiazlink","1","0","0%","3"
"pediatric north","1","0","0%","4"
"children urgent care","2","0","0%","84"
"immunization","1","0","0%","7"
"childeren clinic","2","0","0%","10.5"
"64785925","1","0","0%","10"
"pd-in","2","0","0%","6.5"
"kinder klinic","1","0","0%","5"
"baby clinic open now","18","0","0%","6.2"
"cck doctor","11","0","0%","10.7"
"kinder clinic opening hours","1","0","0%","71"
"child","1","0","0%","6"
"kids care medical","1","0","0%","1"
"pediatrician gp near me","2","0","0%","53"
"paediatricina","1","0","0%","1"
"kid insurance","2","0","0%","12"
"sunday pediatrician near me","2","0","0%","24.5"
"93695757","1","0","0%","6"
"doctors for toddlers near me","2","0","0%","10.5"
"jurong east 24 hour clinic","1","0","0%","101"
"baby hospital","1","0","0%","17"
"pediatric childrens clinic","1","0","0%","7"
"infant care sengkang","1","0","0%","1"
"pediatric medical clinic","2","0","0%","18.5"
"pedatris","1","0","0%","2"
"dr tan pediatrician","1","0","0%","88"
"hfmd kids","1","0","0%","1"
"kids doctor name","3","0","0%","10"
"pediamed children’s clinic","2","0","0%","6.5"
"sbcc baby & child clinic (bishan)","1","0","0%","1"
"peadiatric doctor","1","0","0%","1"
"chidlrens","1","0","0%","12"
"baby clinic woodlands","1","0","0%","18"
"pd in","4","0","0%","5.3"
"kids dental","1","0","0%","16"
"dr chua pediatrician","1","0","0%","91"
"paediatric gp","2","0","0%","10"
"clinics for kids","7","0","0%","7.9"
"pediatric dermatologist singapore","1","0","0%","81"
"dr for children","4","0","0%","10"
"dr ganesh pediatrician","1","0","0%","1"
"bedok to jurong east","1","0","0%","52"
"paediatric doctor","4","0","0%","11.8"
"पीडियाट्रिक डॉक्टर","1","0","0%","10"
"24 hr clinic choa chu kang","2","0","0%","67"
"pediatrician 24 hours","2","0","0%","16"
"pediatric center near me","1","0","0%","21"
"nearest polyclinic","1","0","0%","8"
"sengkang hospital paediatric","1","0","0%","11"
"kids doctor open now","1","0","0%","12"
"pediatricians clinic near me","3","0","0%","10"
"doctor nearby me","1","0","0%","14"
"new born clinic near me","1","0","0%","11"
"near by pediatrician doctor","5","0","0%","48.8"
"a pediatrician","1","0","0%","2"
"gp for baby","1","0","0%","28"
"cardiologist for kids near me","1","0","0%","8"
"winston pediatrics","1","0","0%","1"
"north pediatrics","1","0","0%","10"
"night clinic for kids","3","0","0%","16"
"paediatric clinic bukit batok","1","0","0%","28"
"pd kids","3","0","0%","8.7"
"clinic at cck","16","0","0%","31.9"
"pediatric care","23","0","0%","44.5"
"baby chu clinic","2","0","0%","24"
"kids specialist doctor near me","1","0","0%","10"
"garden clinic paediatrician","1","0","0%","25"
"pediatrician for baby","2","0","0%","2"
"clinic baby","5","0","0%","3.2"
"links clinic","1","0","0%","19"
"clinic at sengkang mrt","1","0","0%","30"
"clinic for kids near me open now","2","0","0%","1"
"pediatrician for baby near me","1","0","0%","15"
"kids dentist singapore","1","0","0%","37"
"dermatologist pediatrician near me","1","0","0%","1"
"tuka pediatrics","1","0","0%","60"
"pediatrician near me within 5 mi","1","0","0%","1"
"childrens clinic appointment","1","0","0%","12"
"the children’s clinic","1","0","0%","8"
"doctors pediatric near me","2","0","0%","11"
"kids vaccination","1","0","0%","100"
"klinik kids near me","3","0","0%","6.7"
"kids clinica","1","0","0%","6"
"pediatric behavioral specialist near me","1","0","0%","101"
"paediatric doctor near me","2","0","0%","8.5"
"dr chua paediatrician","1","0","0%","95"
"sengkang grand clinic","4","0","0%","21.5"
"child health screening singapore","4","0","0%","87"
"the childrens pediatrics","1","0","0%","12"
"pediatric behavioral specialist","1","0","0%","14"
"pediatrician singapore 24 hours","22","0","0%","26.4"
"near by kids clinic","4","0","0%","7"
"paediatrics in singapore","139","0","0%","61.6"
"dr velumani kids","1","0","0%","10"
"east coast clinic bedok","1","0","0%","73"
"clinic in jurong","3","0","0%","88"
"childrens phone","1","0","0%","2"
"paediatric clinic open on public holiday","1","0","0%","15"
"infant pediatric","1","0","0%","3"
"baby doctors","1","0","0%","17"
"singapore changi airport directory","1","0","0%","1"
"near me childrens clinic","2","0","0%","7.5"
"pd in yishun","1","0","0%","36"
"what time does the childrens clinic open","1","0","0%","4"
"chu clinic","1","0","0%","28"
"clinic 400米内","1","0","0%","4"
"children clinic near me within 1.6 km","1","0","0%","6"
"kids nexus","1","0","0%","42"
"paed near me","3","0","0%","13.7"
"ent specialist paediatric","1","0","0%","9"
"kid clinic near me","522","0","0%","8.4"
"walk in clinic near me open now","3","0","0%","80.7"
"paediatric centre","12","0","0%","18.9"
"680309","12","0","0%","73.9"
"child vaccination singapore","1","0","0%","9"
"pediatrician open today near me","4","0","0%","8"
"teban garden clinic","1","0","0%","50"
"near me baby clinic","2","0","0%","12"
"childres clinic","1","0","0%","6"
"baby paediatrician","5","0","0%","16"
"childrens hospital pediatrics","1","0","0%","42"
"good pediatrician near me","7","0","0%","36.9"
"kidzcare pediatrics","1","0","0%","8"
"health care for kids","1","0","0%","6"
"childrens doctors near me","1","0","0%","11"
"sengkang hospital appointment","11","0","0%","55.9"
"baby child clinic bukit batok","3","0","0%","24"
"pediatric hospital singapore","2","0","0%","58.5"
"dr king pediatrician","1","0","0%","2"
"cheap clinic near me","1","0","0%","35"
"600351","3","0","0%","86.3"
"gp for babies near me","1","0","0%","1"
"pediatrician saturday","1","0","0%","17"
"pediatric clinic open today","3","0","0%","10.7"
"raffles childrens centre - kids clinic - 莱佛士儿科医疗中心","1","0","0%","1"
"childrens medical center","3","0","0%","49"
"sleep specialist singapore","1","0","0%","22"
"67726362","2","0","0%","4"
"63941520","1","0","0%","11"
"childrens’","3","0","0%","10"
"hospital pediatrician","2","0","0%","56"
"paediatrix childrens clinic photos","1","0","0%","8"
"m clinic opening hours","2","0","0%","49"
"clinic in choa chu kang","27","0","0%","57.6"
"dr heng parkway east","23","0","0%","33.3"
"clinic near me children","7","0","0%","10"
"childrens medical clinic near me","5","0","0%","8.6"
"child hospital near me","2","0","0%","8"
"children’s clinic","11","0","0%","6.3"
"bedok north clinic","50","0","0%","61.9"
"24 hour clinic choa chu kang","14","0","0%","76.9"
"clinic at choa chu kang","30","0","0%","34.8"
"bukit batok paediatrician","36","0","0%","10.8"
"bukit gombak clinic 24 hours","1","0","0%","87"
"nearest pediatrician","12","0","0%","10.5"
"children pediatric near me","3","0","0%","9.7"
"kidslink childrens clinic (jurong) pte ltd photos","13","0","0%","3.9"
"children clinic punggol","19","0","0%","15.1"
"childrens pediatricians","8","0","0%","6.9"
"儿科诊所24小时","1","0","0%","38"
"kids clinc","6","0","0%","3"
"kids clinic pasir ris","1","0","0%","5"
"sbcc baby & child clinic","15","0","0%","24.5"
"pediatrics near.me","1","0","0%","7"
"the childrens clinic","27","0","0%","9.6"
"sengkang hospital hotline","17","0","0%","72.1"
"children clinic open now","11","0","0%","8.7"
"kkh paediatric","2","0","0%","48"
"kidsclinic sengkang","691","0","0%","8.7"
"central 24-hr clinic (bedok) photos","5","0","0%","68.8"
"childrens health clinic","1","0","0%","9"
"north east childrens clinic","4","0","0%","15.5"
"the kidz klinik","4","0","0%","84.3"
"kidsclinic oasis","3","0","0%","77"
"kids walk in","2","0","0%","7.5"
"24 hours pediatrician near me","1","0","0%","24"
"ng heng joo","18","0","0%","36.4"
"child doctor singapore","6","0","0%","12.7"
"clinic near yew tee","4","0","0%","73.3"
"sengkang vaccination centre","5","0","0%","84.8"
"pediatric office","7","0","0%","7.4"
"kinder clinic","43","0","0%","35.5"
"punggol baby clinic","2","0","0%","5"
"新加坡妇科诊所价格","2","0","0%","7"
"endo kids clinic","1","0","0%","1"
"policlinic","7","0","0%","15.6"
"polyclinic","3","0","0%","53"
"childen clinic","3","0","0%","11.3"
"link kids","6","0","0%","2.5"
"pediatric clinic near me open now","8","0","0%","16"
"pediatric offices near me","2","0","0%","66.5"
"clinic kid near me","2","0","0%","9.5"
"pediatrician walk in clinic","1","0","0%","6"
"baby bonus clinic near me","1","0","0%","1"
"jurong east medical check up","1","0","0%","61"
"children clinc","1","0","0%","6"
"parkway east pediatric clinic","12","0","0%","54.7"
"children pediatrician","2","0","0%","11"
"north kids clinic","1","0","0%","8"
"clinic child specialist","1","0","0%","12"
"clinic cck","13","0","0%","20.5"
"pedia near me open now","3","0","0%","10.7"
"pediatic clinic","1","0","0%","11"
"baby and child specialist clinic","3","0","0%","16"
"cck mrt clinic","2","0","0%","41"
"24 hours child clinic near me","10","0","0%","29"
"baby head specialist near me","1","0","0%","1"
"kids clinic buangkok","138","0","0%","12.2"
"peaditrician","2","0","0%","1"
"pedia for kids","1","0","0%","5"
"singapore paediatrician","24","0","0%","38.9"
"pediatric east","8","0","0%","9.5"
"choa chu kang clinic 24 hours","4","0","0%","47"
"children hospital singapore","12","0","0%","35.5"
"cheery child clinic reviews","3","0","0%","26"
"clinic bedok south","7","0","0%","82.1"
"gp near me","4","0","0%","23"
"doctor pediatrician near me","2","0","0%","39.5"
"paedriatics","1","0","0%","7"
"kidslinks","16","0","0%","2.6"
"pediatrics doctor","1","0","0%","1"
"pediatrician singapore open now","2","0","0%","2.5"
"kids paediatric","8","0","0%","11.4"
"near child clinic","3","0","0%","4.3"
"clinic in bedok south","1","0","0%","93"
"peatric","1","0","0%","9"
"lim teck chua","2","0","0%","3"
"babies pediatrician near me","1","0","0%","4"
"pediatrician open saturday","6","0","0%","10.3"
"jurong east doctor","2","0","0%","66"
"paediatric clinic open on sunday","41","0","0%","15.8"
"jurong east pd","69","0","0%","2.7"
"237 compassvale walk","20","0","0%","39.2"
"klinik near me 400米内","1","0","0%","7"
"paedriatric","1","0","0%","1"
"paediatric clinic ang mo kio","1","0","0%","38"
"near me children clinic","1","0","0%","9"
"pd for kids","41","0","0%","7.8"
"singapore children specialist center reviews","1","0","0%","9"
"sengkang clinic near me","21","0","0%","72"
"open pediatric clinics near me","1","0","0%","11"
"kids clinic at bishan","8","0","0%","49.1"
"pediatric clinic open on sunday near me","5","0","0%","11.4"
"children clinic hougang","2","0","0%","8"
"kids health link","4","0","0%","70.8"
"kids pediatric","23","0","0%","6.4"
"walk-in baby clinic near me","2","0","0%","12"
"pd sg","12","0","0%","11.8"
"pediatrician near","1","0","0%","3"
"just kids clinic","1","0","0%","4"
"nearest pediatric urgent care","1","0","0%","89"
"pedtrician","2","0","0%","2"
"kids gp near me","1","0","0%","4"
"pediatricians","7","0","0%","12.1"
"kinder clinic pte ltd reviews","4","0","0%","47.3"
"pediatric night clinic near me","2","0","0%","18"
"yewtee clinic","24","0","0%","78.9"
"childrens clinic open on sunday","11","0","0%","12.3"
"child pediatrician","5","0","0%","7"
"children specialist clinic","3","0","0%","7"
"vanesza clinic reviews","2","0","0%","13.5"
"kinder clinic photos","6","0","0%","93.7"
"pediatrician near me walk in clinic","1","0","0%","9"
"klinik ng yew teck reviews","6","0","0%","18.8"
"kids clinic woodlands","4","0","0%","18.3"
"choa chu kang 24 hour clinic","11","0","0%","80.5"
"clinic for children","82","0","0%","8.4"
"24 hour clinic cck","5","0","0%","59.8"
"clinic paediatric","3","0","0%","24.7"
"baby chiropractor singapore","2","0","0%","99"
"punggol clinic 24 hours","2","0","0%","98"
"kids paediatrician near me","16","0","0%","8"
"nuh childrens urgent care clinic @ bukit panjang","2","0","0%","1"
"kang an clinic pte ltd","13","0","0%","49.5"
"medical clinics near me","1","0","0%","56"
"clinic open now","2","0","0%","20"
"pidiatric","1","0","0%","3"
"pediatric health center","1","0","0%","49"
"pediatrician in singapore","22","0","0%","35.4"
"compass one kids clinic","249","0","0%","13.1"
"best paediatrician singapore","281","0","0%","71.6"
"teo heng jurong east","1","0","0%","5"
"mony kid clinic","3","0","0%","9.3"
"any pediatrician near me","1","0","0%","66"
"near by children clinic","2","0","0%","9"
"cck 24 hours clinic","1","0","0%","50"
"pediatric clinic walk in near me","1","0","0%","8"
"best pd in singapore","1","0","0%","1"
"one medical clinic jurong west","1","0","0%","99"
"clinic anchorvale","1","0","0%","42"
"children dentist near me","1","0","0%","9"
"pediatric health","1","0","0%","9"
"klinik east garden","1","0","0%","17"
"pediatriy","1","0","0%","4"
"nearby pediatrician","5","0","0%","4.2"
"baby pediatrics near me","1","0","0%","12"
"walk in kids clinic","4","0","0%","11.5"
"clinic near me walk in","1","0","0%","62"
"pediotric","1","0","0%","4"
"sengkang 24 hour clinic","6","0","0%","89.8"
"doctors for childrens near me","1","0","0%","8"
"kids r us clinic","2","0","0%","32.5"
"childrens health","2","0","0%","52.5"
"where to get child immunizations near me","1","0","0%","1"
"house call pediatrician near me","1","0","0%","3"
"child specialists","1","0","0%","55"
"dr chua xiuzhen","7","0","0%","51.7"
"childrens hospital","2","0","0%","61.5"
"kid specialist","1","0","0%","1"
"childrens clinic fax number","1","0","0%","6"
"dr lilian lim","3","0","0%","77"
"childrens walk-in clinic near me","1","0","0%","8"
"hmfd kids","1","0","0%","1"
"children walk in clinic near me","4","0","0%","11"
"unihealth jurong","1","0","0%","42"
"kids xray near me","1","0","0%","65"
"urgent care for kids","2","0","0%","9.5"
"pediatric services","1","0","0%","49"
"chinese pediatrician","1","0","0%","9"
"jurong east to sengkang","1","0","0%","25"
"children hospital","2","0","0%","63.5"
"pediatric p","1","0","0%","1"
"clinic at anchorvale","3","0","0%","64"
"pediatrician near tampines","1","0","0%","9"
"imc childrens clinic","4","0","0%","71.5"
"childrens emergency singapore","1","0","0%","100"
"dr. lim child specialist clinic photos","8","0","0%","66.4"
"pediatrician ang mo kio","30","0","0%","43.9"
"singapore walk in clinic","1","0","0%","72"
"sengkang vaccine centre","1","0","0%","84"
"paediatric clinic singapore sunday","3","0","0%","15"
"dr fax","1","0","0%","10"
"specialist child clinic","1","0","0%","9"
"bizlink centre singapore limited","1","0","0%","1"
"jurong vaccination centre","1","0","0%","76"
"24/7 pediatrician near me","1","0","0%","12"
"pediatric family doctor near me","3","0","0%","11"
"kids pediatric near me","2","0","0%","8"
"pediatric clinic services","1","0","0%","19"
"kinderclinic parkway east","1","0","0%","82"
"pediatrics night clinic","2","0","0%","17.5"
"choa chu kang family clinic","2","0","0%","42.5"
"clinic near jurong east mrt","1","0","0%","69"
"pediatrician near pasir ris","1","0","0%","26"
"pediatric walk-in clinic near me","2","0","0%","7"
"childrens family clinic","1","0","0%","11"
"polyclinic near me","1","0","0%","27"
"nearby baby doctor","1","0","0%","11"
"clinics in jurong east","1","0","0%","35"
"saturday pediatrician near me","1","0","0%","9"
"kinder clinic pandan valley","1","0","0%","56"
"canberra plaza clinic","3","0","0%","1"
"clinic opens on sunday","1","0","0%","60"
"baby child doctor near me","1","0","0%","11"
"عيادة الاطفال","1","0","0%","10"
"near pediatrician doctor","1","0","0%","47"
"paedatrician","2","0","0%","2"
"clinic cheap near me","1","0","0%","17"
"child vaccination clinic","1","0","0%","15"
"nearby clinic open now","1","0","0%","15"
"63943066","1","0","0%","19"
"childcare clinic near me","2","0","0%","9"
"annes baby and child clinic reviews","1","0","0%","19"
"doctor nearby","1","0","0%","18"
"paediatric urgent care near me","1","0","0%","56"
"pediatric surgery near me","1","0","0%","4"
"children dental clinic","1","0","0%","4"
"kids doctor appointment","1","0","0%","31"
"bishan baby clinic","1","0","0%","98"
"paediatric in chinese","1","0","0%","5"
"children hospital in singapore","1","0","0%","77"
"pediatrician. near me","1","0","0%","12"
"pediatric kid","1","0","0%","9"
"pediatric walk in","1","0","0%","13"
"dr for kids","2","0","0%","9"
"kids clinic @ bishan by smg","4","0","0%","24"
"pediatric for kids","2","0","0%","10.5"
"tampines paediatrician","24","0","0%","29.8"
"kids doctors","1","0","0%","1"
"kids clinic at punggol","16","0","0%","24"
"tampines paediatric","54","0","0%","22.6"
"walk in vaccination singapore","1","0","0%","100"
"kids clinic hospital","1","0","0%","7"
"baby doctor clinic","1","0","0%","10"
"near pediatrician","1","0","0%","4"
"paediatic","1","0","0%","7"
"chai chee clinic opening hours","1","0","0%","62"
"pediatic","1","0","0%","3"
"pediatrician tampines","257","0","0%","13.4"
"kinder doctor","1","0","0%","12"
"pd doctor near me","23","0","0%","8.5"
"children’s","5","0","0%","7.6"
"compassvale clinic","129","0","0%","12.9"
"tampines pediatric","61","0","0%","15.6"
"tampines child clinic","571","0","0%","32"
"24 hours pediatric clinic near me","18","0","0%","29.7"
"peadiatric near me","1","0","0%","9"
"child clinic nearby","16","0","0%","9.9"
"childrens clinic international","3","0","0%","57"
"thomson childrens clinic","2","0","0%","41.5"
"klinik kang photos","16","0","0%","9.2"
"children doctor","98","0","0%","23"
"polyclinic pediatrician","1","0","0%","7"
"chua clinic bukit batok","13","0","0%","61.8"
"clinic link","1","0","0%","64"
"pediatrician parkway east","216","0","0%","61.3"
"near by child clinic","4","0","0%","9"
"pediatrician near me that accept medical","1","0","0%","9"
"north childrens clinic","2","0","0%","9.5"
"paedetric","2","0","0%","4"
"ped near me","1","0","0%","75"
"singapore clinic opening hours","1","0","0%","60"
"24 hour paediatrician","1","0","0%","36"
"affordable pediatrician near me","1","0","0%","4"
"vaccination centre sengkang","6","0","0%","72.3"
"pediatric respiratory specialist near me","2","0","0%","12"
"kidsnexus paediatric centre singapore","1","0","0%","32"
"pediatric clinic open near me","2","0","0%","10.5"
"pd around me","1","0","0%","16"
"good paediatrician near me","2","0","0%","13"
"kiddies clinic","45","0","0%","7.3"
"the kids clinic compass one","137","0","0%","14.1"
"child clinic tampines","12","0","0%","31.9"
"childrens walk-in clinic","3","0","0%","9"
"clinic jurong east","43","0","0%","56.7"
"kidslink bedok doctor","3","0","0%","2"
"24 hrs clinic choa chu kang","3","0","0%","77"
"garden clinic pd","8","0","0%","12"
"kids clinic @ punggol by smg reviews","6","0","0%","24.5"
"child dr near me","3","0","0%","11.3"
"kidz clinic opening hours","35","0","0%","10.5"
"sengkang to bedok","23","0","0%","35"
"children’s clinic near me","10","0","0%","8.2"
"the kid clinic sengkang","23","0","0%","14"
"paediatrician tampines","38","0","0%","36.5"
"chinese garden clinic","18","0","0%","11"
"vaccination for baby in singapore","3","0","0%","84"
"clinic at jurong east","38","0","0%","57.7"
"clinic at sengkang grand mall","1","0","0%","23"
"dr heng clinic","9","0","0%","61.1"
"136 punggol walk","1","0","0%","63"
"the child clinic","1","0","0%","10"
"nuh child development unit @ jurong medical centre (cdu@jmc)","2","0","0%","1"
"block 237","131","0","0%","29.1"
"st clinic bedok","9","0","0%","80.7"
"baby clinic bukit batok","41","0","0%","28.1"
"peadiatrics","4","0","0%","6.8"
"jurong east blk 351","1","0","0%","46"
"walk in pediatric clinic","8","0","0%","10"
"rivervale plaza kids clinic","10","0","0%","19.5"
"winston heng","4","0","0%","32.5"
"garden clinic singapore","13","0","0%","40.1"
"pediatrician near me open","4","0","0%","14.5"
"pedatric","3","0","0%","4.7"
"private paediatrician near me","4","0","0%","4.2"
"doctor sengkang","2","0","0%","25"
"paediatrician nearby","3","0","0%","13"
"24-hour clinic sengkang","6","0","0%","84.8"
"nearest baby clinic to me","5","0","0%","10.4"
"chidren clinic","2","0","0%","11.5"
"pediatric open","2","0","0%","11"
"recommended pediatrician near me","3","0","0%","35.7"
"pediatrician.","2","0","0%","1"
"pediatrix near me","2","0","0%","1"
"punggol clinic blk 23","6","0","0%","58.8"
"clinics near me","13","0","0%","48.8"
"child specialist singapore","13","0","0%","13.8"
"paediatric clinic woodlands","1","0","0%","26"
"paediatric surgery singapore","6","0","0%","90.7"
"pediatrician west","35","0","0%","4.6"
"jurong west ave 1 clinic","1","0","0%","97"
"padiatrics","1","0","0%","4"
"childrens clinci","2","0","0%","6.5"
"pediatric nearby","12","0","0%","8.8"
"pediatriciam","1","0","0%","1"
"clinic singapore","3","0","0%","27"
"paeds near me","10","0","0%","12.9"
"cda approved clinic","14","0","0%","23.4"
"kidd clinic","2","0","0%","11"
"parkway east hospital pediatrician","13","0","0%","70.1"
"pedia open today near me","3","0","0%","7.3"
"sri pediatric clinic","1","0","0%","6"
"anthonys baby & child clinic","2","0","0%","1"
"kids clinic consultation fee","4","0","0%","8.5"
"clinic buangkok","3","0","0%","68"
"children hospital near me","27","0","0%","25.7"
"pediatric blood draw locations","1","0","0%","1"
"kids link clinic bedok","6","0","0%","3"
"clinic near jurong east street 24","2","0","0%","37.5"
"childrens health singapore","37","0","0%","65.6"
"heisman clinic jurong","3","0","0%","15.3"
"junior baby & child clinic","1","0","0%","70"
"24 hour pediatric clinic","5","0","0%","25.6"
"paeds","7","0","0%","7.9"
"pediatrician open on saturdays near me","3","0","0%","10.3"
"pediatrician near by","3","0","0%","14"
"儿科诊所near me","20","0","0%","6.5"
"pediatric clinic tampines","55","0","0%","20.4"
"pediatric clinic 24 hours near me","1","0","0%","29"
"general pediatrics near me","2","0","0%","4"
"nearby childrens clinic","10","0","0%","9.2"
"bone island childrens clinic reviews","3","0","0%","21.7"
"urgent care kids","1","0","0%","7"
"child care hospital near me","2","0","0%","8"
"kiddies pediatric clinic","1","0","0%","10"
"kidlinks","18","0","0%","3.4"
"pediatric clinical","1","0","0%","5"
"kids clini","1","0","0%","1"
"sunday pediatric clinic","10","0","0%","12.2"
"bedok to sengkang","15","0","0%","33.3"
"baby and child tampines","8","0","0%","39.4"
"child pediatrics","2","0","0%","11"
"kids pedi","3","0","0%","10.3"
"215 clinic","1","0","0%","7"
"north east clinic bedok","1","0","0%","76"
"24 hour childrens clinic near me","553","0","0%","27.4"
"olive tree clinic singapore","1","0","0%","64"
"paedatrics","2","0","0%","5.5"
"clinic choa chu kang","100","0","0%","27.1"
"新加坡儿科诊所","10","0","0%","4.3"
"pediatrician for babies near me","1","0","0%","12"
"baby paediatrician near me","4","0","0%","5.8"
"recommended paediatrician singapore","2","0","0%","59.5"
"bukit batok baby and child clinic","2","0","0%","21"
"pediatrician singapore sunday","9","0","0%","8.6"
"pediatric polyclinic","1","0","0%","12"
"pediatrician open near me","3","0","0%","14"
"paed clinic","9","0","0%","19.7"
"children clinix","1","0","0%","11"
"nearest paediatric clinic","7","0","0%","9.9"
"best children doctor near me","1","0","0%","4"
"singapore pd","1","0","0%","12"
"24 hours clinic sengkang","7","0","0%","78.4"
"sengkang clinic 24-hour","19","0","0%","54.5"
"choa chu kang 24 hr clinic","7","0","0%","72.4"
"one medical jurong west","5","0","0%","86.8"
"kids clinic compass","34","0","0%","12.8"
"sbcc clinic","4","0","0%","53.8"
"pediatrician kids doctor","1","0","0%","10"
"family clinic choa chu kang","2","0","0%","36.5"
"sengkang medical centre opening hours","1","0","0%","65"
"childrens clinic night clinic","1","0","0%","13"
"compassvale clinic operating hours","10","0","0%","15.3"
"childrens specialist doctor near me","4","0","0%","8"
"pediatric clinix","3","0","0%","12.7"
"pediatric for babies near me","1","0","0%","6"
"peads clinic","2","0","0%","9"
"儿童诊所","14","0","0%","3.9"
"pd","3","0","0%","8.3"
"gp for baby near me","1","0","0%","10"
"clinic nearby","4","0","0%","55"
"pediatric dentist near me","1","0","0%","3"
"pedeatrician","1","0","0%","1"
"小儿科english","1","0","0%","11"
"chikdrens clinic","2","0","0%","6.5"
"childrens skin doctor near me","1","0","0%","10"
"pinnacle family clinic - compassvale","1","0","0%","1"
"baby child clinic","3","0","0%","7.7"
"kinder clinic singapore","2","0","0%","18.5"
"nearby clinic","3","0","0%","63"
"nearest child doctor","1","0","0%","12"
"good pd","1","0","0%","3"
"baby dr","1","0","0%","8"
"pd punggol","11","0","0%","8.4"
"east side pediatric","1","0","0%","4"
"child clinic open now","8","0","0%","9"
"child specialist nearby","1","0","0%","10"
"24 hours clinic bedok","1","0","0%","88"
"pediatric walk in clinic near me","2","0","0%","9.5"
"kids dr near me","2","0","0%","9"
"childrens dr near me","1","0","0%","8"
"best clinic for kids near me","1","0","0%","9"
"dr anita’s kids clinic","1","0","0%","1"
"baby bonus approved clinics","2","0","0%","72.5"
"singapore baby clinic","3","0","0%","9.7"
"kkh pediatrician","2","0","0%","42.5"
"pedeatric","2","0","0%","4.5"
"dr pediatrician","2","0","0%","54"
"kids clinic rivervale plaza","2","0","0%","24"
"bedok 85 clinic","8","0","0%","40.1"
"pediatrician 中文","2","0","0%","7"
"child doctor pediatrician","2","0","0%","29"
"kids hospital","1","0","0%","1"
"after school doctor","1","0","0%","6"
"kids medical","2","0","0%","7.5"
"nuh child development unit @ keat hong (cdu@kh)","1","0","0%","1"
"childrens respiratory clinic","1","0","0%","11"
"children pediatrics near me","4","0","0%","7.8"
"kkh children clinic","1","0","0%","71"
"venessa chua","2","0","0%","35"
"child doctor clinic near me","2","0","0%","11"
"my kid clinic","1","0","0%","1"
"clinic nearby open now","1","0","0%","48"
"pediatician","1","0","0%","1"
"kids doctor","64","0","0%","21.5"
"child clinic bukit batok","1","0","0%","13"
"clinic near me that is open","1","0","0%","14"
"dr winston lim","1","0","0%","35"
"dr biswas pediatrician","1","0","0%","1"
"childrens clini","1","0","0%","8"
"clinic open on christmas day","2","0","0%","15.5"
"healthlink amk","1","0","0%","84"
"peadeatric","1","0","0%","3"
"nuh allergy clinic","1","0","0%","57"
"paedeatrician","1","0","0%","1"
"klinik chu","1","0","0%","91"
"nearest kids hospital","1","0","0%","5"
"儿科医生near me","1","0","0%","2"
"children pediatric","1","0","0%","11"
"adhd childrens doctor near me","1","0","0%","1"
"parkway east paediatric clinic photos","5","0","0%","38.4"
"children health center","2","0","0%","12"
"paediatric consultant near me","1","0","0%","1"
"儿科医生","1","0","0%","5"
"behavioral pediatrician near me","1","0","0%","22"
"emergency paediatrician near me","1","0","0%","5"
"kids pediatrics","12","0","0%","5"
"24 hours kids clinic","2","0","0%","29.5"
"peds doctor near me","1","0","0%","1"
"pediatric cardiology pte ltd","31","0","0%","29.1"
"dr winston tan","9","0","0%","63.2"
"smg kids clinic","4","0","0%","12.5"
"best kids specialist near me","1","0","0%","1"
"clinic bukit panjang","1","0","0%","70"
"pediatrician appointment","1","0","0%","1"
"pediatrician near by me","16","0","0%","68.9"
"doctor toddler","1","0","0%","2"
"bedok 24 hour clinic","6","0","0%","82.5"
"sbcc baby & child clinic (ang mo kio)","1","0","0%","1"
"sengkang grand mall clinic","9","0","0%","54.1"
"garden clinic opening hours","4","0","0%","32"
"兒科","2","0","0%","10.5"
"walk in pediatric clinic near me","2","0","0%","10"
"kidz clinic punggol","3","0","0%","14.3"
"kinder clinic tampines","1","0","0%","81"
"gp for children","1","0","0%","10"
"pedia clinic open today","7","0","0%","5.3"
"peadiatrician","3","0","0%","1"
"paedeatric","2","0","0%","5.5"
"compass one clinic opening hours","7","0","0%","32.6"
"compass one paediatric","33","0","0%","9.4"
"clinic in bedok north","3","0","0%","53.3"
